TEMELE_REGIONS_COPY,ContinentName,SDGREGION,SubRegion,UN_ID,UN_INDEX,Country,CountryName_FRENCH,Alpha2,Alpha3,Column10,Name(Clean),T31R_Code,T31R_Name,T31_ID,T15R_Code,T15R_Name,SPG_WEPPS_Regions,IEA2020_Country_Code,IEA2021_Country_Name,IEA2021_Country_Code2,UNSDG+IEA_Code_MANUAL_JG,TEM40REG,TEM_ALPHA3_MANUAL_JG,ISO3,TEMIEA150REG,T31R_Code2,T31R_Code3,SubREGION_Dictionary,SubREgion_Name,UNSubRegion_Code_Manual,SubRegion_IEA,TEMREG,IEA_2021_Unique,TEMIEA150REG,TEMIEA150REG_Name,ISO3
AFO,AFRICA,SUB-SAHARAN AFRICA,Eastern Africa,108,27,Burundi,Burundi (le),BI,BDI,108,Burundi,AFW,Western Africa,4,AFR,Africa,BURUNDI,OTHERAFRIC,Other Africa,OTHERAFRIC,AFO,AFO,AFO,AFO,AFO,AFW,AFW_BI,,Eastern Africa,AFE,AFO,AFO,OTHERAFRIC,AFO,Other Africa,AFO
AFO,AFRICA,SUB-SAHARAN AFRICA,Eastern Africa,174,28,Comoros (the),Comores (les),KM,COM,174,Comoros (the),AFW,Western Africa,4,AFR,Africa,COMOROS,OTHERAFRIC,Other Africa,OTHERAFRIC,AFO,AFO,AFO,AFO,AFO,AFW,AFW_KM,,Middle Africa,AFM,AFE,AFE,ERI,AFE_ERI,Eritrea,ERI
AFO,AFRICA,SUB-SAHARAN AFRICA,Eastern Africa,262,29,Djibouti,Djibouti,DJ,DJI,262,Djibouti,AFW,Western Africa,4,AFR,Africa,DJIBOUTI,OTHERAFRIC,Other Africa,OTHERAFRIC,AFO,AFO,AFO,AFO,AFO,AFW,AFW_DJ,,Northern Africa,AFN,AFM,AFM,ETH,AFE_ETH,Ethiopia,ETH
AFE_ERI,AFRICA,SUB-SAHARAN AFRICA,Eastern Africa,232,30,Eritrea,Érythrée (l'),ER,ERI,232,Eritrea,AFE,Eastern Africa,1,AFR,Africa,ERITREA,ERITREA,Eritrea,ERI,AFE,AFE,ERI,ERI,AFE_ERI,AFE,AFE_ER,,Southern Africa,AFZ,AFN,AFN,KEN,AFE_KEN,Kenya,KEN
AFE_ETH,AFRICA,SUB-SAHARAN AFRICA,Eastern Africa,231,31,Ethiopia,Éthiopie (l'),ET,ETH,231,Ethiopia,AFE,Eastern Africa,1,AFR,Africa,ETHIOPIA,ETHIOPIA,Ethiopia,ETH,AFE,AFE,ETH,ETH,AFE_ETH,AFE,AFE_ET,,Western Africa,AFW,AFZ,#N/A,MAURITIUS,AFE_MUS,Mauritius,MUS
AFE_KEN,AFRICA,SUB-SAHARAN AFRICA,Eastern Africa,404,32,Kenya,Kenya (le),KE,KEN,404,Kenya,AFE,Eastern Africa,1,AFR,Africa,KENYA,KENYA,Kenya,KEN,AFE,AFE,KEN,KEN,AFE_KEN,AFE,AFE_KE,,Central Asia,ASC,AFW,AFZ,FRA,EUW_FRA,France,FRA
AFO,AFRICA,SUB-SAHARAN AFRICA,Eastern Africa,450,33,Madagascar,Madagascar,MG,MDG,450,Madagascar,AFW,Western Africa,4,AFR,Africa,MADAGASCAR,OTHERAFRIC,Other Africa,OTHERAFRIC,AFO,AFO,AFO,AFO,AFO,AFW,AFW_MG,,Eastern Asia,ASE,ASC,ZAF,MOZ,AFE_MOZ,Mozambique,MOZ
AFO,AFRICA,SUB-SAHARAN AFRICA,Eastern Africa,454,34,Malawi,Malawi (le),MW,MWI,454,Malawi,AFW,Western Africa,4,AFR,Africa,MALAWI,OTHERAFRIC,Other Africa,OTHERAFRIC,AFO,AFO,AFO,AFO,AFO,AFW,AFW_MW,,South-Eastern Asia,ASA,ASE,AFW,SSD,AFE_SSD,South Sudan,SSD
AFE_MUS,AFRICA,SUB-SAHARAN AFRICA,Eastern Africa,480,35,Mauritius,Maurice,MU,MUS,480,Mauritius,AFE,Eastern Africa,1,AFR,Africa,MAURITIUS,MAURITIUS,Mauritius,MAURITIUS,AFE,AFE,MUS,MUS,AFE_MUS,AFE,AFE_MU,,Southern Asia,ASS,ASO,ASC,TZA,AFE_TZA,United Republic of Tanzania,TZA
EUW_FRA,AFRICA,SUB-SAHARAN AFRICA,Eastern Africa,175,36,Mayotte,Mayotte,YT,MYT,175,Mayotte,EUW,Western Europe Union,17,N/A,N/A,MAYOTTE,N/A,France,FRA,AFE,AFE,FRA,FRA,EUW_FRA,EUW,EUW_YT,,Western Asia,ASW,ASA,CHN,ZMB,AFE_ZMB,Zambia,ZMB
AFE_MOZ,AFRICA,SUB-SAHARAN AFRICA,Eastern Africa,508,37,Mozambique,Mozambique (le),MZ,MOZ,508,Mozambique,AFZ,Southern Africa,3,AFR,Africa,MOZAMBIQUE,MOZAMBIQUE,Mozambique,MOZ,AFE,AFE,MOZ,MOZ,AFE_MOZ,AFZ,AFZ_MZ,,AUSTRALIA/NEW ZEALAND,AUS,ASS,ASE,ZWE,AFE_ZWE,Zimbabwe,ZWE
EUW_FRA,AFRICA,SUB-SAHARAN AFRICA,Eastern Africa,638,38,Réunion,Réunion (La),RE,REU,638,Réunion,EUW,Western Europe Union,17,WEU,Western Europe,REUNION,FRANCE,France,FRA,AFE,AFE,FRA,FRA,EUW_FRA,EUW,EUW_RE,,Eastern Europe,EUE,ASW,ASO,AGO,AFM_AGO,Angola,AGO
AFO,AFRICA,SUB-SAHARAN AFRICA,Eastern Africa,646,39,Rwanda,Rwanda (le),RW,RWA,646,Rwanda,AFW,Western Africa,4,AFR,Africa,RWANDA,OTHERAFRIC,Other Africa,OTHERAFRIC,AFO,AFO,AFO,AFO,AFO,AFW,AFW_RW,,Northern Europe,EUN,AUS,JPN,CMR,AFM_CMR,Cameroon,CMR
AFO,AFRICA,SUB-SAHARAN AFRICA,Eastern Africa,690,40,Seychelles,Seychelles (les),SC,SYC,690,Seychelles,AFW,Western Africa,4,AFR,Africa,SEYCHELLES,OTHERAFRIC,Other Africa,OTHERAFRIC,AFO,AFO,AFO,AFO,AFO,AFW,AFW_SC,,Southern Europe,EUS,EUE,KOR,COG,AFM_COG,Republic of the Congo,COG
AFO,AFRICA,SUB-SAHARAN AFRICA,Eastern Africa,706,41,Somalia,Somalie (la),SO,SOM,706,Somalia,AFW,Western Africa,4,AFR,Africa,SOMALIA,OTHERAFRIC,Other Africa,OTHERAFRIC,AFO,AFO,AFO,AFO,AFO,AFW,AFW_SO,,Western Europe,EUW,EUN,ASA,COD,AFM_COD,Democratic Republic of the Congo,COD
AFE_SSD,AFRICA,SUB-SAHARAN AFRICA,Eastern Africa,728,42,South Sudan,Soudan du Sud (le),SS,SSD,728,South Sudan,AFE,Eastern Africa,1,AFR,Africa,SOUTH SUDAN,SSUDAN,South Sudan,SSD,AFE,AFE,SSD,SSD,AFE_SSD,AFE,AFE_SS,,NORTHERN AMERICA,NAM,EUS,IDN,EQGUINEA,AFM_GNQ,Equatorial Guinea,GNQ
AFO,AFRICA,SUB-SAHARAN AFRICA,Eastern Africa,800,43,Uganda,Ouganda (l'),UG,UGA,800,Uganda,AFW,Western Africa,4,AFR,Africa,UGANDA,OTHERAFRIC,Other Africa,OTHERAFRIC,AFO,AFO,AFO,AFO,AFO,AFW,AFW_UG,,Melanesia,OCA,EUW,ASS,GAB,AFM_GAB,Gabon,GAB
AFE_TZA,AFRICA,SUB-SAHARAN AFRICA,Eastern Africa,834,44,"Tanzania, the United Republic of",Tanzanie (la République-Unie de),TZ,TZA,834,Tanzania,AFZ,Southern Africa,3,AFR,Africa,TANZANIA,TANZANIA,United Republic of Tanzania,TZA,AFE,AFE,TZA,TZA,AFE_TZA,AFZ,AFZ_TZ,,Micronesia,OCA,SAO,IND,DZA,AFN_DZA,Algeria,DZA
AFE_ZMB,AFRICA,SUB-SAHARAN AFRICA,Eastern Africa,894,45,Zambia,Zambie (la),ZM,ZMB,894,Zambia,AFZ,Southern Africa,3,AFR,Africa,ZAMBIA,ZAMBIA,Zambia,ZMB,AFE,AFE,ZMB,ZMB,AFE_ZMB,AFZ,AFZ_ZM,,Polynesia,OCA,NAM,IRN,EGY,AFN_EGY,Egypt,EGY
AFE_ZWE,AFRICA,SUB-SAHARAN AFRICA,Eastern Africa,716,46,Zimbabwe,Zimbabwe (le),ZW,ZWE,716,Zimbabwe,AFZ,Southern Africa,3,AFR,Africa,ZIMBABWE,ZIMBABWE,Zimbabwe,ZWE,AFE,AFE,ZWE,ZWE,AFE_ZWE,AFZ,AFZ_ZW,,Caribbean,SAC,SAC,ASW,LBY,AFN_LBY,Libya,LBY
AFM_AGO,AFRICA,SUB-SAHARAN AFRICA,Middle Africa,24,48,Angola,Angola (l'),AO,AGO,24,Angola,AFZ,Southern Africa,3,AFR,Africa,ANGOLA,ANGOLA,Angola,AGO,AFM,AFM,AGO,AGO,AFM_AGO,AFZ,AFZ_AO,,Central America,SAC,SAS,SAU,MAR,AFN_MAR,Morocco,MAR
AFM_CMR,AFRICA,SUB-SAHARAN AFRICA,Middle Africa,120,49,Cameroon,Cameroun (le),CM,CMR,120,Cameroon,AFW,Western Africa,4,AFR,Africa,CAMEROON,CAMEROON,Cameroon,CMR,AFM,AFM,CMR,CMR,AFM_CMR,AFW,AFW_CM,,South America,SAS,#N/A,TUR,SDN,AFN_SDN,Sudan,SDN
AFO,AFRICA,SUB-SAHARAN AFRICA,Middle Africa,140,50,Central African Republic (the),République centrafricaine (la),CF,CAF,140,Central African Republic,AFW,Western Africa,4,AFR,Africa,CENTRAL AFRICAN REPUBLIC,OTHERAFRIC,Other Africa,OTHERAFRIC,AFO,AFO,AFO,AFO,AFO,AFW,AFW_CF,,#N/A,,,ANZ,TUN,AFN_TUN,Tunisia,TUN
AFO,AFRICA,SUB-SAHARAN AFRICA,Middle Africa,148,51,Chad,Tchad (le),TD,TCD,148,Chad,AFW,Western Africa,4,AFR,Africa,CHAD,OTHERAFRIC,Other Africa,OTHERAFRIC,AFO,AFO,AFO,AFO,AFO,AFW,AFW_TD,,,,,ENE,#N/A,#N/A,#N/A,
AFM_COG,AFRICA,SUB-SAHARAN AFRICA,Middle Africa,178,52,Congo (the),Congo (le),CG,COG,178,Republic of Congo,AFW,Western Africa,4,AFR,Africa,CONGO,CONGO,Republic of the Congo,COG,AFM,AFM,COG,COG,AFM_COG,AFW,AFW_CG,,,,,EUE,BWA,AFZ_BWA,Botswana,BWA
AFM_COD,AFRICA,SUB-SAHARAN AFRICA,Middle Africa,180,53,Congo (the Democratic Republic of the),Congo (la République démocratique du),CD,COD,180,Democratic Republic of the Congo,AFW,Western Africa,4,AFR,Africa,CONGO DEM REP,CONGOREP,Democratic Republic of the Congo,COD,AFM,AFM,COD,COD,AFM_COD,AFW,AFW_CD,,,,,RUS,NAM,AFZ_NAM,Namibia,NAM
AFM_GNQ,AFRICA,SUB-SAHARAN AFRICA,Middle Africa,226,54,Equatorial Guinea,Guinée équatoriale (la),GQ,GNQ,226,Equatorial Guinea,AFW,Western Africa,4,AFR,Africa,EQUATORIAL GUINEA,EQGUINEA,Equatorial Guinea,EQGUINEA,AFM,AFM,GNQ,GNQ,AFM_GNQ,AFW,AFW_GQ,,,,,EUN,ZAF,ZAF_ZAF,South Africa,ZAF
AFM_GAB,AFRICA,SUB-SAHARAN AFRICA,Middle Africa,266,55,Gabon,Gabon (le),GA,GAB,266,Gabon,AFW,Western Africa,4,AFR,Africa,GABON,GABON,Gabon,GAB,AFM,AFM,GAB,GAB,AFM_GAB,AFW,AFW_GA,,,,,ENN,BEN,AFW_BEN,Benin,BEN
AFO,AFRICA,SUB-SAHARAN AFRICA,Middle Africa,678,56,Sao Tome and Principe,Sao Tomé-et-Principe,ST,STP,678,Sao Tome and Principe,AFW,Western Africa,4,AFR,Africa,SAO TOME & PRINCIPE,OTHERAFRIC,Other Africa,OTHERAFRIC,AFO,AFO,AFO,AFO,AFO,AFW,AFW_ST,,,,,GBR,CIV,AFW_CIV,Côte d'Ivoire,CIV
AFN_DZA,AFRICA,NORTHERN AFRICA AND WESTERN ASIA,Northern Africa,12,83,Algeria,Algérie (l'),DZ,DZA,12,Algeria,AFN,Northern Africa,2,AFR,Africa,ALGERIA,ALGERIA,Algeria,DZA,AFN,AFN,DZA,DZA,AFN_DZA,AFN,AFN_DZ,,,,,ENS,GHA,AFW_GHA,Ghana,GHA
AFN_EGY,AFRICA,NORTHERN AFRICA AND WESTERN ASIA,Northern Africa,818,84,Egypt,Égypte (l'),EG,EGY,818,Egypt,AFN,Northern Africa,2,AFR,Africa,EGYPT,EGYPT,Egypt,EGY,AFN,AFN,EGY,EGY,AFN_EGY,AFN,AFN_EG,,,,,EUS,NER,AFW_NER,Niger,NER
AFN_LBY,AFRICA,NORTHERN AFRICA AND WESTERN ASIA,Northern Africa,434,85,Libya,Libye (la),LY,LBY,434,Libya,AFN,Northern Africa,2,AFR,Africa,LIBYA,LIBYA,Libya,LBY,AFN,AFN,LBY,LBY,AFN_LBY,AFN,AFN_LY,,,,,EUW,NGA,AFW_NGA,Nigeria,NGA
AFN_MAR,AFRICA,NORTHERN AFRICA AND WESTERN ASIA,Northern Africa,504,86,Morocco,Maroc (le),MA,MAR,504,Morocco,AFN,Northern Africa,2,AFR,Africa,MOROCCO,MOROCCO,Morocco,MAR,AFN,AFN,MAR,MAR,AFN_MAR,AFN,AFN_MA,,,,,ENW,SEN,AFW_SEN,Senegal,SEN
AFN_SDN,AFRICA,NORTHERN AFRICA AND WESTERN ASIA,Northern Africa,729,87,Sudan (the),Soudan (le),SD,SDN,729,Sudan,AFE,Eastern Africa,1,AFR,Africa,SUDAN,SUDAN,Sudan,SDN,AFN,AFN,SDN,SDN,AFN_SDN,AFE,AFE_SD,,,,,SAO,TGO,AFW_TGO,Togo,TGO
AFN_TUN,AFRICA,NORTHERN AFRICA AND WESTERN ASIA,Northern Africa,788,88,Tunisia,Tunisie (la),TN,TUN,788,Tunisia,AFN,Northern Africa,2,AFR,Africa,TUNISIA,TUNISIA,Tunisia,TUN,AFN,AFN,TUN,TUN,AFN_TUN,AFN,AFN_TN,,,,,CAN,KAZ,ASC_KAZ,Kazakhstan,KAZ
#N/A,AFRICA,NORTHERN AFRICA AND WESTERN ASIA,Northern Africa,732,89,Western Sahara*,Sahara occidental (le)*,EH,ESH,732,Western Sahara,N/A,N/A,N/A,N/A,N/A,,N/A,#N/A,#N/A,AFN,#N/A,ESH,,#N/A,#N/A,#N/A,,,,,NAM,KGZ,ASC_KGZ,Kyrgyzstan,KGZ
AFZ_BWA,AFRICA,SUB-SAHARAN AFRICA,Southern Africa,72,58,Botswana,Botswana (le),BW,BWA,72,Botswana,AFZ,Southern Africa,3,AFR,Africa,BOTSWANA,BOTSWANA,Botswana,BWA,AFZ,AFZ,BWA,BWA,AFZ_BWA,AFZ,AFZ_BW,,,,,USA,TJK,ASC_TJK,Tajikistan,TJK
AFO,AFRICA,SUB-SAHARAN AFRICA,Southern Africa,748,59,Eswatini,Eswatini (l'),SZ,SWZ,748,Eswatini,AFW,Western Africa,4,AFR,Africa,ESWATINI,OTHERAFRIC,Other Africa,OTHERAFRIC,AFO,AFO,AFO,AFO,AFO,AFW,AFW_SZ,,,,,SAC,TKM,ASC_TKM,Turkmenistan,TKM
AFO,AFRICA,SUB-SAHARAN AFRICA,Southern Africa,426,60,Lesotho,Lesotho (le),LS,LSO,426,Lesotho,AFW,Western Africa,4,AFR,Africa,LESOTHO,OTHERAFRIC,Other Africa,OTHERAFRIC,AFO,AFO,AFO,AFO,AFO,AFW,AFW_LS,,,,,MEX,UZB,ASC_UZB,Uzbekistan,UZB
AFZ_NAM,AFRICA,SUB-SAHARAN AFRICA,Southern Africa,516,61,Namibia,Namibie (la),NA,NAM,516,Namibia,AFZ,Southern Africa,3,AFR,Africa,NAMIBIA,NAMIBIA,Namibia,NAM,AFZ,AFZ,NAM,NAM,AFZ_NAM,AFZ,AFZ_NA,,,,,ARG,CHN,CHN_CHN,People's Republic of China,CHN
ZAF_ZAF,AFRICA,SUB-SAHARAN AFRICA,Southern Africa,710,62,South Africa,Afrique du Sud (l'),ZA,ZAF,710,South Africa,ZAF,South Africa,31,AFR,Africa,SOUTH AFRICA,SOUTHAFRIC,South Africa,ZAF,AFZ,ZAF,ZAF,ZAF,ZAF_ZAF,ZAF,ZAF_ZA,,,,,SAS,HKG,ASE_HKG,Hong Kong (China),HKG
AFW_BEN,AFRICA,SUB-SAHARAN AFRICA,Western Africa,204,64,Benin,Bénin (le),BJ,BEN,204,Benin,AFW,Western Africa,4,AFR,Africa,BENIN,BENIN,Benin,BEN,AFW,AFW,BEN,BEN,AFW_BEN,AFW,AFW_BJ,,,,,BRA,OTHERASIA,ASO,Other non-OECD Asia,ASO
AFO,AFRICA,SUB-SAHARAN AFRICA,Western Africa,854,65,Burkina Faso,Burkina Faso (le),BF,BFA,854,Burkina Faso,AFW,Western Africa,4,AFR,Africa,BURKINA FASO,OTHERAFRIC,Other Africa,OTHERAFRIC,AFO,AFO,AFO,AFO,AFO,AFW,AFW_BF,,,,,,TWN,ASE_TWN,Chinese Taipei,TWN
AFO,AFRICA,SUB-SAHARAN AFRICA,Western Africa,132,66,Cabo Verde,Cabo Verde,CV,CPV,132,Cabo Verde,AFW,Western Africa,4,AFR,Africa,CAPE VERDE,OTHERAFRIC,Other Africa,OTHERAFRIC,AFO,AFO,AFO,AFO,AFO,AFW,AFW_CV,,,,,,PRK,ASE_PRK,Democratic People's Republic of Korea,PRK
AFW_CIV,AFRICA,SUB-SAHARAN AFRICA,Western Africa,384,67,Côte d'Ivoire,Côte d'Ivoire (la),CI,CIV,384,Côte d'Ivoire,AFW,Western Africa,4,AFR,Africa,COTE D'IVOIRE,COTEIVOIRE,Côte d'Ivoire,CIV,AFW,AFW,CIV,CIV,AFW_CIV,AFW,AFW_CI,,,,,,JPN,JPN_JPN,Japan,JPN
AFO,AFRICA,SUB-SAHARAN AFRICA,Western Africa,270,68,Gambia (the),Gambie (la),GM,GMB,270,Gambia,AFW,Western Africa,4,AFR,Africa,GAMBIA,OTHERAFRIC,Other Africa,OTHERAFRIC,AFO,AFO,AFO,AFO,AFO,AFW,AFW_GM,,,,,,MNG,ASE_MNG,Mongolia,MNG
AFW_GHA,AFRICA,SUB-SAHARAN AFRICA,Western Africa,288,69,Ghana,Ghana (le),GH,GHA,288,Ghana,AFW,Western Africa,4,AFR,Africa,GHANA,GHANA,Ghana,GHA,AFW,AFW,GHA,GHA,AFW_GHA,AFW,AFW_GH,,,,,,KOR,KOR_KOR,Korea,KOR
AFO,AFRICA,SUB-SAHARAN AFRICA,Western Africa,324,70,Guinea,Guinée (la),GN,GIN,324,Guinea,AFW,Western Africa,4,AFR,Africa,GUINEA,OTHERAFRIC,Other Africa,OTHERAFRIC,AFO,AFO,AFO,AFO,AFO,AFW,AFW_GN,,,,,,BRN,ASA_BRN,Brunei Darussalam,BRN
AFO,AFRICA,SUB-SAHARAN AFRICA,Western Africa,624,71,Guinea-Bissau,Guinée-Bissau (la),GW,GNB,624,Guinea-Bissau,AFW,Western Africa,4,AFR,Africa,GUINEA-BISSAU,OTHERAFRIC,Other Africa,OTHERAFRIC,AFO,AFO,AFO,AFO,AFO,AFW,AFW_GW,,,,,,KHM,ASA_KHM,Cambodia,KHM
AFO,AFRICA,SUB-SAHARAN AFRICA,Western Africa,430,72,Liberia,Libéria (le),LR,LBR,430,Liberia,AFW,Western Africa,4,AFR,Africa,LIBERIA,OTHERAFRIC,Other Africa,OTHERAFRIC,AFO,AFO,AFO,AFO,AFO,AFW,AFW_LR,,,,,,IDN,IDN_IDN,Indonesia,IDN
AFO,AFRICA,SUB-SAHARAN AFRICA,Western Africa,466,73,Mali,Mali (le),ML,MLI,466,Mali,AFW,Western Africa,4,AFR,Africa,MALI,OTHERAFRIC,Other Africa,OTHERAFRIC,AFO,AFO,AFO,AFO,AFO,AFW,AFW_ML,,,,,,LAO,ASA_LAO,Lao People's Democratic Republic,LAO
AFO,AFRICA,SUB-SAHARAN AFRICA,Western Africa,478,74,Mauritania,Mauritanie (la),MR,MRT,478,Mauritania,AFW,Western Africa,4,AFR,Africa,MAURITANIA,OTHERAFRIC,Other Africa,OTHERAFRIC,AFO,AFO,AFO,AFO,AFO,AFW,AFW_MR,,,,,,MYS,ASA_MYS,Malaysia,MYS
AFW_NER,AFRICA,SUB-SAHARAN AFRICA,Western Africa,562,75,Niger (the),Niger (le),NE,NER,562,Niger,AFW,Western Africa,4,AFR,Africa,NIGER,NIGER,Niger,NER,AFW,AFW,NER,NER,AFW_NER,AFW,AFW_NE,,,,,,MMR,ASA_MMR,Myanmar,MMR
AFW_NGA,AFRICA,SUB-SAHARAN AFRICA,Western Africa,566,76,Nigeria,Nigéria (le),NG,NGA,566,Nigeria,AFW,Western Africa,4,AFR,Africa,NIGERIA,NIGERIA,Nigeria,NGA,AFW,AFW,NGA,NGA,AFW_NGA,AFW,AFW_NG,,,,,,PHL,ASA_PHL,Philippines,PHL
#N/A,AFRICA,SUB-SAHARAN AFRICA,Western Africa,654,77,"Saint Helena, Ascension and Tristan da Cunha","Sainte-Hélène, Ascension et Tristan da Cunha",SH,SHN,654,"Saint Helena, Ascension and Tristan da Cunha",N/A,N/A,N/A,N/A,N/A,,N/A,#N/A,#N/A,AFW,#N/A,SHN,,#N/A,#N/A,#N/A,,,,,,SGP,ASA_SGP,Singapore,SGP
AFW_SEN,AFRICA,SUB-SAHARAN AFRICA,Western Africa,686,78,Senegal,Sénégal (le),SN,SEN,686,Senegal,AFW,Western Africa,4,AFR,Africa,SENEGAL,SENEGAL,Senegal,SEN,AFW,AFW,SEN,SEN,AFW_SEN,AFW,AFW_SN,,,,,,THA,ASA_THA,Thailand,THA
AFO,AFRICA,SUB-SAHARAN AFRICA,Western Africa,694,79,Sierra Leone,Sierra Leone (la),SL,SLE,694,Sierra Leone,AFW,Western Africa,4,AFR,Africa,SIERRA LEONE,OTHERAFRIC,Other Africa,OTHERAFRIC,AFO,AFO,AFO,AFO,AFO,AFW,AFW_SL,,,,,,VNM,ASA_VNM,Viet Nam,VNM
AFW_TGO,AFRICA,SUB-SAHARAN AFRICA,Western Africa,768,80,Togo,Togo (le),TG,TGO,768,Togo,AFW,Western Africa,4,AFR,Africa,TOGO,TOGO,Togo,TGO,AFW,AFW,TGO,TGO,AFW_TGO,AFW,AFW_TG,,,,,,BGD,ASS_BGD,Bangladesh,BGD
ASC_KAZ,ASIA,CENTRAL AND SOUTHERN ASIA,Central Asia,398,111,Kazakhstan,Kazakhstan (le),KZ,KAZ,398,Kazakhstan,ASC,Central Asia,7,FSU,Former Soviet Union,KAZAKHSTAN,KAZAKHSTAN,Kazakhstan,KAZ,ASC,ASC,KAZ,KAZ,ASC_KAZ,ASC,ASC_KZ,,,,,,IND,IND_IND,India,IND
ASC_KGZ,ASIA,CENTRAL AND SOUTHERN ASIA,Central Asia,417,112,Kyrgyzstan,Kirghizistan (le),KG,KGZ,417,Kyrgyzstan,ASC,Central Asia,7,FSU,Former Soviet Union,KYRGYZSTAN,KYRGYZSTAN,Kyrgyzstan,KGZ,ASC,ASC,KGZ,KGZ,ASC_KGZ,ASC,ASC_KG,,,,,,IRN,IRN_IRN,Islamic Republic of Iran,IRN
ASC_TJK,ASIA,CENTRAL AND SOUTHERN ASIA,Central Asia,762,113,Tajikistan,Tadjikistan (le),TJ,TJK,762,Tajikistan,ASC,Central Asia,7,FSU,Former Soviet Union,TAJIKISTAN,TAJIKISTAN,Tajikistan,TJK,ASC,ASC,TJK,TJK,ASC_TJK,ASC,ASC_TJ,,,,,,NPL,ASS_NPL,Nepal,NPL
ASC_TKM,ASIA,CENTRAL AND SOUTHERN ASIA,Central Asia,795,114,Turkmenistan,Turkménistan (le),TM,TKM,795,Turkmenistan,ASC,Central Asia,7,FSU,Former Soviet Union,TURKMENISTAN,TURKMENIST,Turkmenistan,TKM,ASC,ASC,TKM,TKM,ASC_TKM,ASC,ASC_TM,,,,,,PAK,ASS_PAK,Pakistan,PAK
ASC_UZB,ASIA,CENTRAL AND SOUTHERN ASIA,Central Asia,860,115,Uzbekistan,Ouzbékistan (l'),UZ,UZB,860,Uzbekistan,ASC,Central Asia,7,FSU,Former Soviet Union,UZBEKISTAN,UZBEKISTAN,Uzbekistan,UZB,ASC,ASC,UZB,UZB,ASC_UZB,ASC,ASC_UZ,,,,,,LKA,ASS_LKA,Sri Lanka,LKA
CHN_CHN,ASIA,EASTERN AND SOUTH-EASTERN ASIA,Eastern Asia,156,128,China,Chine (la),CN,CHN,156,China,CHN,China Mainland,13,CHI,China,CHINA,CHINA,People's Republic of China,CHN,ASE,CHN,CHN,CHN,CHN_CHN,CHN,CHN_CN,,,,,,ARM,ASW_ARM,Armenia,ARM
ASE_HKG,ASIA,EASTERN AND SOUTH-EASTERN ASIA,Eastern Asia,344,129,Hong Kong,Hong Kong,HK,HKG,344,Hong Kong,ASR,The rest of Asia,10,CHI,China,,HONGKONG,Hong Kong (China),HKG,ASE,ASE,HKG,HKG,ASE_HKG,ASR,ASR_HK,,,,,,AZE,ASW_AZE,Azerbaijan,AZE
ASO,ASIA,EASTERN AND SOUTH-EASTERN ASIA,Eastern Asia,446,130,Macao,Macao,MO,MAC,446,Macao,ASR,The rest of Asia,10,ODA,Other Developing Asia,,OTHERASIA,Other non-OECD Asia,OTHERASIA,ASO,ASO,ASO,ASO,ASO,ASR,ASR_MO,,,,,,BHR,ASW_BHR,Bahrain,BHR
ASE_TWN,ASIA,EASTERN AND SOUTH-EASTERN ASIA,Eastern Asia,158,131,Taiwan,Taïwan (Province de Chine),TW,TWN,158,Taiwan,ASR,The rest of Asia,10,ODA,Other Developing Asia,TAIWAN,TAIPEI,Chinese Taipei,TWN,ASE,ASE,TWN,TWN,ASE_TWN,ASR,ASR_TW,,,,,,CYP,ASW_CYP,Cyprus,CYP
ASE_PRK,ASIA,EASTERN AND SOUTH-EASTERN ASIA,Eastern Asia,408,132,Korea (the Democratic People's Republic of),Corée (la République populaire démocratique de),KP,PRK,408,Democratic People's Republic of Korea,ASR,The rest of Asia,10,ODA,Other Developing Asia,NORTH KOREA,KOREADPR,Democratic People's Republic of Korea,PRK,ASE,ASE,PRK,PRK,ASE_PRK,ASR,ASR_KP,,,,,,GEO,ASW_GEO,Georgia,GEO
JPN_JPN,ASIA,EASTERN AND SOUTH-EASTERN ASIA,Eastern Asia,392,133,Japan,Japon (le),JP,JPN,392,Japan,JPN,Japan,22,JPN,Japan,JAPAN,JAPAN,Japan,JPN,ASE,JPN,JPN,JPN,JPN_JPN,JPN,JPN_JP,,,,,,IRQ,ASW_IRQ,Iraq,IRQ
ASE_MNG,ASIA,EASTERN AND SOUTH-EASTERN ASIA,Eastern Asia,496,134,Mongolia,Mongolie (la),MN,MNG,496,Mongolia,ASC,Central Asia,7,ODA,Other Developing Asia,MONGOLIA,MONGOLIA,Mongolia,MNG,ASE,ASE,MNG,MNG,ASE_MNG,ASC,ASC_MN,,,,,,ISR,ASW_ISR,Israel,ISR
KOR_KOR,ASIA,EASTERN AND SOUTH-EASTERN ASIA,Eastern Asia,410,135,South Korea,Corée (la République de),KR,KOR,410,Korea,KOR,Korea,23,SKO,South Korea,SOUTH KOREA,KOREA,Korea,KOR,ASE,KOR,KOR,KOR,KOR_KOR,KOR,KOR_KR,,,,,,JOR,ASW_JOR,Jordan,JOR
ASA_BRN,ASIA,EASTERN AND SOUTH-EASTERN ASIA,South-Eastern Asia,96,137,Brunei Darussalam,Brunéi Darussalam (le),BN,BRN,96,Brunei Darussalam,ASE,Southeast Asia,8,ODA,Other Developing Asia,BRUNEI,BRUNEI,Brunei Darussalam,BRN,ASA,ASA,BRN,BRN,ASA_BRN,ASE,ASE_BN,,,,,,KWT,ASW_KWT,Kuwait,KWT
ASA_KHM,ASIA,EASTERN AND SOUTH-EASTERN ASIA,South-Eastern Asia,116,138,Cambodia,Cambodge (le),KH,KHM,116,Cambodia,ASE,Southeast Asia,8,ODA,Other Developing Asia,CAMBODIA,CAMBODIA,Cambodia,KHM,ASA,ASA,KHM,KHM,ASA_KHM,ASE,ASE_KH,,,,,,LBN,ASW_LBN,Lebanon,LBN
IDN_IDN,ASIA,EASTERN AND SOUTH-EASTERN ASIA,South-Eastern Asia,360,139,Indonesia,Indonésie (l'),ID,IDN,360,Indonesia,IDN,Indonesia,19,ODA,Other Developing Asia,INDONESIA,INDONESIA,Indonesia,IDN,ASA,IDN,IDN,IDN,IDN_IDN,IDN,IDN_ID,,,,,,OMN,ASW_OMN,Oman,OMN
ASA_LAO,ASIA,EASTERN AND SOUTH-EASTERN ASIA,South-Eastern Asia,418,140,Lao People's Democratic Republic (the),Lao (la République démocratique populaire),LA,LAO,418,Lao People's Democratic Republic,ASR,The rest of Asia,10,ODA,Other Developing Asia,LAOS,LAO,Lao People's Democratic Republic,LAO,ASA,ASA,LAO,LAO,ASA_LAO,ASR,ASR_LA,,,,,,QAT,ASW_QAT,Qatar,QAT
ASA_MYS,ASIA,EASTERN AND SOUTH-EASTERN ASIA,South-Eastern Asia,458,141,Malaysia,Malaisie (la),MY,MYS,458,Malaysia,ASE,Southeast Asia,8,ODA,Other Developing Asia,MALAYSIA,MALAYSIA,Malaysia,MYS,ASA,ASA,MYS,MYS,ASA_MYS,ASE,ASE_MY,,,,,,SAU,SAU_SAU,Saudi Arabia,SAU
ASA_MMR,ASIA,EASTERN AND SOUTH-EASTERN ASIA,South-Eastern Asia,104,142,Myanmar,Myanmar (le),MM,MMR,104,Myanmar,ASE,Southeast Asia,8,ODA,Other Developing Asia,MYANMAR,MYANMAR,Myanmar,MMR,ASA,ASA,MMR,MMR,ASA_MMR,ASE,ASE_MM,,,,,,MPALESTINE,ASW_PSE,Memo: Palestinian Authority,PSE
ASA_PHL,ASIA,EASTERN AND SOUTH-EASTERN ASIA,South-Eastern Asia,608,143,Philippines,Philippines (les),PH,PHL,608,Philippines,ASE,Southeast Asia,8,ODA,Other Developing Asia,PHILIPPINES,PHILIPPINE,Philippines,PHL,ASA,ASA,PHL,PHL,ASA_PHL,ASE,ASE_PH,,,,,,SYR,ASW_SYR,Syrian Arab Republic,SYR
ASA_SGP,ASIA,EASTERN AND SOUTH-EASTERN ASIA,South-Eastern Asia,702,144,Singapore,Singapour,SG,SGP,702,Singapore,ASE,Southeast Asia,8,ODA,Other Developing Asia,SINGAPORE,SINGAPORE,Singapore,SGP,ASA,ASA,SGP,SGP,ASA_SGP,ASE,ASE_SG,,,,,,TUR,TUR_TUR,Turkey,TUR
ASA_THA,ASIA,EASTERN AND SOUTH-EASTERN ASIA,South-Eastern Asia,764,145,Thailand,Thaïlande (la),TH,THA,764,Thailand,ASE,Southeast Asia,8,ODA,Other Developing Asia,THAILAND,THAILAND,Thailand,THA,ASA,ASA,THA,THA,ASA_THA,ASE,ASE_TH,,,,,,ARE,ASW_ARE,United Arab Emirates,ARE
ASO,ASIA,EASTERN AND SOUTH-EASTERN ASIA,South-Eastern Asia,626,146,Timor-Leste,Timor-Leste (le),TL,TLS,626,Timor-Leste,ASR,The rest of Asia,10,ODA,Other Developing Asia,TIMOR LESTE,OTHERASIA,Other non-OECD Asia,OTHERASIA,ASO,ASO,ASO,ASO,ASO,ASR,ASR_TL,,,,,,YEM,ASW_YEM,Yemen,YEM
ASA_VNM,ASIA,EASTERN AND SOUTH-EASTERN ASIA,South-Eastern Asia,704,147,Vietnam,Viet Nam (le),VN,VNM,704,Viet Nam,ASE,Southeast Asia,8,ODA,Other Developing Asia,VIETNAM,VIETNAM,Viet Nam,VNM,ASA,ASA,VNM,VNM,ASA_VNM,ASE,ASE_VN,,,,,,AUS,ANZ_AUS,Australia,AUS
ASO,ASIA,CENTRAL AND SOUTHERN ASIA,Southern Asia,4,117,Afghanistan,Afghanistan (l'),AF,AFG,4,Afghanistan,ASR,The rest of Asia,10,ODA,Other Developing Asia,AFGHANISTAN,OTHERASIA,Other non-OECD Asia,OTHERASIA,ASO,ASO,ASO,ASO,ASO,ASR,ASR_AF,,,,,,NZL,ANZ_NZL,New Zealand,NZL
ASS_BGD,ASIA,CENTRAL AND SOUTHERN ASIA,Southern Asia,50,118,Bangladesh,Bangladesh (le),BD,BGD,50,Bangladesh,ASO,South Asia,9,ODA,Other Developing Asia,BANGLADESH,BANGLADESH,Bangladesh,BGD,ASS,ASS,BGD,BGD,ASS_BGD,ASO,ASO_BD,,,,,,BLR,ENE_BLR,Belarus,BLR
ASO,ASIA,CENTRAL AND SOUTHERN ASIA,Southern Asia,64,119,Bhutan,Bhoutan (le),BT,BTN,64,Bhutan,ASR,The rest of Asia,10,ODA,Other Developing Asia,BHUTAN,OTHERASIA,Other non-OECD Asia,OTHERASIA,ASO,ASO,ASO,ASO,ASO,ASR,ASR_BT,,,,,,BGR,EUE_BGR,Bulgaria,BGR
IND_IND,ASIA,CENTRAL AND SOUTHERN ASIA,Southern Asia,356,120,India,Inde (l'),IN,IND,356,India,IND,India,20,IND,India,INDIA,INDIA,India,IND,ASS,IND,IND,IND,IND_IND,IND,IND_IN,,,,,,CZE,EUE_CZE,Czech Republic,CZE
IRN_IRN,ASIA,CENTRAL AND SOUTHERN ASIA,Southern Asia,364,121,Iran,Iran (République Islamique d'),IR,IRN,364,Iran,IRN,Islamic Republic of Iran,21,MEA,Middle East,IRAN,IRAN,Islamic Republic of Iran,IRN,ASS,IRN,IRN,IRN,IRN_IRN,IRN,IRN_IR,,,,,,HUN,EUE_HUN,Hungary,HUN
ASO,ASIA,CENTRAL AND SOUTHERN ASIA,Southern Asia,462,122,Maldives,Maldives (les),MV,MDV,462,Maldives,ASR,The rest of Asia,10,ODA,Other Developing Asia,MALDIVES,OTHERASIA,Other non-OECD Asia,OTHERASIA,ASO,ASO,ASO,ASO,ASO,ASR,ASR_MV,,,,,,POL,EUE_POL,Poland,POL
ASS_NPL,ASIA,CENTRAL AND SOUTHERN ASIA,Southern Asia,524,123,Nepal,Népal (le),NP,NPL,524,Nepal,ASO,South Asia,9,ODA,Other Developing Asia,NEPAL,NEPAL,Nepal,NPL,ASS,ASS,NPL,NPL,ASS_NPL,ASO,ASO_NP,,,,,,MDA,ENE_MDA,Republic of Moldova,MDA
ASS_PAK,ASIA,CENTRAL AND SOUTHERN ASIA,Southern Asia,586,124,Pakistan,Pakistan (le),PK,PAK,586,Pakistan,ASC,Central Asia,7,ODA,Other Developing Asia,PAKISTAN,PAKISTAN,Pakistan,PAK,ASS,ASS,PAK,PAK,ASS_PAK,ASC,ASC_PK,,,,,,ROU,EUE_ROU,Romania,ROU
ASS_LKA,ASIA,CENTRAL AND SOUTHERN ASIA,Southern Asia,144,125,Sri Lanka,Sri Lanka,LK,LKA,144,Sri Lanka,ASO,South Asia,9,ODA,Other Developing Asia,SRI LANKA,SRILANKA,Sri Lanka,LKA,ASS,ASS,LKA,LKA,ASS_LKA,ASO,ASO_LK,,,,,,RUS,RUS_RUS,Russian Federation,RUS
ASW_ARM,ASIA,NORTHERN AFRICA AND WESTERN ASIA,Western Asia,51,91,Armenia,Arménie (l'),AM,ARM,51,Armenia,ASC,Central Asia,7,FSU,Former Soviet Union,ARMENIA,ARMENIA,Armenia,ARM,ASW,ASW,ARM,ARM,ASW_ARM,ASC,ASC_AM,,,,,,SVK,EUE_SVK,Slovak Republic,SVK
ASW_AZE,ASIA,NORTHERN AFRICA AND WESTERN ASIA,Western Asia,31,92,Azerbaijan,Azerbaïdjan (l'),AZ,AZE,31,Azerbaijan,ASC,Central Asia,7,FSU,Former Soviet Union,AZERBAIJAN,AZERBAIJAN,Azerbaijan,AZE,ASW,ASW,AZE,AZE,ASW_AZE,ASC,ASC_AZ,,,,,,UKR,ENE_UKR,Ukraine,UKR
ASW_BHR,ASIA,NORTHERN AFRICA AND WESTERN ASIA,Western Asia,48,93,Bahrain,Bahreïn,BH,BHR,48,Bahrain,MEA,Middle East,25,MEA,Middle East,BAHRAIN,BAHRAIN,Bahrain,BHR,ASW,ASW,BHR,BHR,ASW_BHR,MEA,MEA_BH,,,,,,DNK,EUN_DNK,Denmark,DNK
ASW_CYP,ASIA,NORTHERN AFRICA AND WESTERN ASIA,Western Asia,196,94,Cyprus,Chypre,CY,CYP,196,Cyprus,EUE,Eastern Europe Union,16,MEA,Middle East,CYPRUS,CYPRUS,Cyprus,CYP,ASW,ASW,CYP,CYP,ASW_CYP,EUE,EUE_CY,,,,,,EST,EUN_EST,Estonia,EST
ASW_GEO,ASIA,NORTHERN AFRICA AND WESTERN ASIA,Western Asia,268,95,Georgia,Géorgie (la),GE,GEO,268,Georgia,ASC,Central Asia,7,FSU,Former Soviet Union,GEORGIA,GEORGIA,Georgia,GEO,ASW,ASW,GEO,GEO,ASW_GEO,ASC,ASC_GE,,,,,,FIN,EUN_FIN,Finland,FIN
ASW_IRQ,ASIA,NORTHERN AFRICA AND WESTERN ASIA,Western Asia,368,96,Iraq,Iraq (l'),IQ,IRQ,368,Iraq,MEA,Middle East,25,MEA,Middle East,IRAQ,IRAQ,Iraq,IRQ,ASW,ASW,IRQ,IRQ,ASW_IRQ,MEA,MEA_IQ,,,,,,ISL,ENN_ISL,Iceland,ISL
ASW_ISR,ASIA,NORTHERN AFRICA AND WESTERN ASIA,Western Asia,376,97,Israel,Israël,IL,ISR,376,Israel,MEA,Middle East,25,MEA,Middle East,ISRAEL,ISRAEL,Israel,ISR,ASW,ASW,ISR,ISR,ASW_ISR,MEA,MEA_IL,,,,,,IRL,EUN_IRL,Ireland,IRL
ASW_JOR,ASIA,NORTHERN AFRICA AND WESTERN ASIA,Western Asia,400,98,Jordan,Jordanie (la),JO,JOR,400,Jordan,MEA,Middle East,25,MEA,Middle East,JORDAN,JORDAN,Jordan,JOR,ASW,ASW,JOR,JOR,ASW_JOR,MEA,MEA_JO,,,,,,GBR,GBR_GBR,United Kingdom,GBR
ASW_KWT,ASIA,NORTHERN AFRICA AND WESTERN ASIA,Western Asia,414,99,Kuwait,Koweït (le),KW,KWT,414,Kuwait,MEA,Middle East,25,MEA,Middle East,KUWAIT,KUWAIT,Kuwait,KWT,ASW,ASW,KWT,KWT,ASW_KWT,MEA,MEA_KW,,,,,,LVA,EUE_LVA,Latvia,LVA
ASW_LBN,ASIA,NORTHERN AFRICA AND WESTERN ASIA,Western Asia,422,100,Lebanon,Liban (le),LB,LBN,422,Lebanon,MEA,Middle East,25,MEA,Middle East,LEBANON,LEBANON,Lebanon,LBN,ASW,ASW,LBN,LBN,ASW_LBN,MEA,MEA_LB,,,,,,LTU,EUE_LTU,Lithuania,LTU
ASW_OMN,ASIA,NORTHERN AFRICA AND WESTERN ASIA,Western Asia,512,101,Oman,Oman,OM,OMN,512,Oman,MEA,Middle East,25,MEA,Middle East,OMAN,OMAN,Oman,OMN,ASW,ASW,OMN,OMN,ASW_OMN,MEA,MEA_OM,,,,,,NOR,ENN_NOR,Norway,NOR
ASW_QAT,ASIA,NORTHERN AFRICA AND WESTERN ASIA,Western Asia,634,102,Qatar,Qatar (le),QA,QAT,634,Qatar,MEA,Middle East,25,MEA,Middle East,QATAR,QATAR,Qatar,QAT,ASW,ASW,QAT,QAT,ASW_QAT,MEA,MEA_QA,,,,,,SWE,EUN_SWE,Sweden,SWE
SAU_SAU,ASIA,NORTHERN AFRICA AND WESTERN ASIA,Western Asia,682,103,Saudi Arabia,Arabie saoudite (l'),SA,SAU,682,Saudi Arabia,SAU,Saudi Arabia,28,MEA,Middle East,SAUDI ARABIA,SAUDIARABI,Saudi Arabia,SAU,ASW,SAU,SAU,SAU,SAU_SAU,SAU,SAU_SA,,,,,,ALB,ENS_ALB,Albania,ALB
ASW_PSE,ASIA,NORTHERN AFRICA AND WESTERN ASIA,Western Asia,275,104,"Palestine, State of","Palestine, État de",PS,PSE,275,"Palestine, State of",MEA,Middle East,25,MEA,Middle East,PALESTINE,MPALESTINE,Memo: Palestinian Authority,MPALESTINE,ASW,ASW,PSE,PSE,ASW_PSE,MEA,MEA_PS,,,,,,BIH,ENS_BIH,Bosnia and Herzegovina,BIH
ASW_SYR,ASIA,NORTHERN AFRICA AND WESTERN ASIA,Western Asia,760,105,Syrian Arab Republic (the),République arabe syrienne (la),SY,SYR,760,Syria,MEA,Middle East,25,MEA,Middle East,SYRIA,SYRIA,Syrian Arab Republic,SYR,ASW,ASW,SYR,SYR,ASW_SYR,MEA,MEA_SY,,,,,,HRV,EUS_HRV,Croatia,HRV
TUR_TUR,ASIA,NORTHERN AFRICA AND WESTERN ASIA,Western Asia,792,106,Türkiye,Turquie (la),TR,TUR,792,Turkey,TUR,Turkey,29,MEA,Middle East,TURKEY,TURKEY,Turkey,TUR,ASW,TUR,TUR,TUR,TUR_TUR,TUR,TUR_TR,,,,,,GIB,GBR_GIB,Gibraltar,GIB
ASW_ARE,ASIA,NORTHERN AFRICA AND WESTERN ASIA,Western Asia,784,107,United Arab Emirates (the),Émirats arabes unis (les),AE,ARE,784,United Arab Emirates,MEA,Middle East,25,MEA,Middle East,UNITED ARAB EMIRATES,UAE,United Arab Emirates,ARE,ASW,ASW,ARE,ARE,ASW_ARE,MEA,MEA_AE,,,,,,GRC,EUS_GRC,Greece,GRC
ASW_YEM,ASIA,NORTHERN AFRICA AND WESTERN ASIA,Western Asia,887,108,Yemen,Yémen (le),YE,YEM,887,Yemen,MEA,Middle East,25,MEA,Middle East,YEMEN,YEMEN,Yemen,YEM,ASW,ASW,YEM,YEM,ASW_YEM,MEA,MEA_YE,,,,,,ITA,EUS_ITA,Italy,ITA
ANZ_AUS,AUSTRALIA,Sustainable Development Goal (SDG) regions,AUSTRALIA/NEW ZEALAND,36,203,Australia,Australie (l'),AU,AUS,36,Australia,ANZ,Australia and New Zealand,5,AUS,"Australia, New-Zealand, Oceanía",AUSTRALIA,AUSTRALI,Australia,AUS,AUS,ANZ,AUS,AUS,ANZ_AUS,ANZ,ANZ_AU,,,,,,MLT,EUS_MLT,Malta,MLT
ANZ_NZL,AUSTRALIA,Sustainable Development Goal (SDG) regions,AUSTRALIA/NEW ZEALAND,554,204,New Zealand,Nouvelle-Zélande (la),NZ,NZL,554,New Zealand,ANZ,Australia and New Zealand,5,AUS,"Australia, New-Zealand, Oceanía",NEW ZEALAND,NZ,New Zealand,NZL,AUS,ANZ,NZL,NZL,ANZ_NZL,ANZ,ANZ_NZ,,,,,,MNE,ENS_MNE,Montenegro,MNE
ENE_BLR,EUROPE,EUROPE,Eastern Europe,112,233,Belarus,Bélarus (le),BY,BLR,112,Belarus,ENE,Non-EU Eastern Europe,14,FSU,Former Soviet Union,BELARUS,BELARUS,Belarus,BLR,EUE,ENE,BLR,BLR,ENE_BLR,ENE,ENE_BY,,,,,,NORTHMACED,ENS_MKD,Republic of North Macedonia,MKD
EUE_BGR,EUROPE,EUROPE,Eastern Europe,100,234,Bulgaria,Bulgarie (la),BG,BGR,100,Bulgaria,EUE,Eastern Europe Union,16,EEU,Eastern Europe,BULGARIA,BULGARIA,Bulgaria,BGR,EUE,EUE,BGR,BGR,EUE_BGR,EUE,EUE_BG,,,,,,PRT,EUS_PRT,Portugal,PRT
EUE_CZE,EUROPE,EUROPE,Eastern Europe,203,235,Czech Republic,Tchéquie (la),CZ,CZE,203,Czechia,EUE,Eastern Europe Union,16,EEU,Eastern Europe,CZECH REPUBLIC,CZECH,Czech Republic,CZE,EUE,EUE,CZE,CZE,EUE_CZE,EUE,EUE_CZ,,,,,,SRB,ENS_SRB,Serbia,SRB
EUE_HUN,EUROPE,EUROPE,Eastern Europe,348,236,Hungary,Hongrie (la),HU,HUN,348,Hungary,EUE,Eastern Europe Union,16,EEU,Eastern Europe,HUNGARY,HUNGARY,Hungary,HUN,EUE,EUE,HUN,HUN,EUE_HUN,EUE,EUE_HU,,,,,,SVN,EUS_SVN,Slovenia,SVN
EUE_POL,EUROPE,EUROPE,Eastern Europe,616,237,Poland,Pologne (la),PL,POL,616,Poland,EUE,Eastern Europe Union,16,EEU,Eastern Europe,POLAND,POLAND,Poland,POL,EUE,EUE,POL,POL,EUE_POL,EUE,EUE_PL,,,,,,ESP,EUS_ESP,Spain,ESP
ENE_MDA,EUROPE,EUROPE,Eastern Europe,498,238,Moldova (the Republic of),Moldova (la République de),MD,MDA,498,Moldova,ENE,Non-EU Eastern Europe,14,FSU,Former Soviet Union,MOLDOVA,MOLDOVA,Republic of Moldova,MDA,EUE,ENE,MDA,MDA,ENE_MDA,ENE,ENE_MD,,,,,,AUT,EUW_AUT,Austria,AUT
EUE_ROU,EUROPE,EUROPE,Eastern Europe,642,239,Romania,Roumanie (la),RO,ROU,642,Romania,EUE,Eastern Europe Union,16,EEU,Eastern Europe,ROMANIA,ROMANIA,Romania,ROU,EUE,EUE,ROU,ROU,EUE_ROU,EUE,EUE_RO,,,,,,BEL,EUW_BEL,Belgium,BEL
RUS_RUS,EUROPE,EUROPE,Eastern Europe,643,240,Russia,Russie (la Fédération de),RU,RUS,643,Russian Federation,RUS,Russian Federation,27,FSU,Former Soviet Union,RUSSIA,RUSSIA,Russian Federation,RUS,EUE,RUS,RUS,RUS,RUS_RUS,RUS,RUS_RU,,,,,,DEU,EUW_DEU,Germany,DEU
EUE_SVK,EUROPE,EUROPE,Eastern Europe,703,241,Slovakia,Slovaquie (la),SK,SVK,703,Slovakia,EUE,Eastern Europe Union,16,EEU,Eastern Europe,SLOVAKIA,SLOVAKIA,Slovak Republic,SVK,EUE,EUE,SVK,SVK,EUE_SVK,EUE,EUE_SK,,,,,,LUX,EUW_LUX,Luxembourg,LUX
ENE_UKR,EUROPE,EUROPE,Eastern Europe,804,242,Ukraine,Ukraine (l'),UA,UKR,804,Ukraine,ENE,Non-EU Eastern Europe,14,FSU,Former Soviet Union,UKRAINE,UKRAINE,Ukraine,UKR,EUE,ENE,UKR,UKR,ENE_UKR,ENE,ENE_UA,,,,,,NLD,EUW_NLD,Netherlands,NLD
EUN_DNK,EUROPE,EUROPE,Northern Europe,208,245,Denmark,Danemark (le),DK,DNK,208,Denmark,EUW,Western Europe Union,17,WEU,Western Europe,DENMARK,DENMARK,Denmark,DNK,EUN,EUN,DNK,DNK,EUN_DNK,EUW,EUW_DK,,,,,,CHE,ENW_CHE,Switzerland,CHE
EUN_EST,EUROPE,EUROPE,Northern Europe,233,246,Estonia,Estonie (l'),EE,EST,233,Estonia,EUE,Eastern Europe Union,16,FSU,Former Soviet Union,ESTONIA,ESTONIA,Estonia,EST,EUN,EUN,EST,EST,EUN_EST,EUE,EUE_EE,,,,,,OTHERLATIN,SAO,Other non-OECD Americas,SAO
#N/A,EUROPE,EUROPE,Northern Europe,234,247,Faroe Islands,Féroé (les Îles),FO,FRO,234,Faroe Islands,N/A,N/A,N/A,N/A,N/A,,N/A,#N/A,#N/A,EUN,#N/A,FRO,,#N/A,#N/A,#N/A,,,,,,CAN,CAN_CAN,Canada,CAN
EUN_FIN,EUROPE,EUROPE,Northern Europe,246,248,Finland,Finlande (la),FI,FIN,246,Finland,EUW,Western Europe Union,17,WEU,Western Europe,FINLAND,FINLAND,Finland,FIN,EUN,EUN,FIN,FIN,EUN_FIN,EUW,EUW_FI,,,,,,GREENLAND,NAM_GRL,Memo: Greenland,GRL
ENN_ISL,EUROPE,EUROPE,Northern Europe,352,249,Iceland,Islande (l'),IS,ISL,352,Iceland,ENW,Non-EU Western Europe,15,WEU,Western Europe,ICELAND,ICELAND,Iceland,ISL,EUN,ENN,ISL,ISL,ENN_ISL,ENW,ENW_IS,,,,,,USA,USA_USA,United States,USA
EUN_IRL,EUROPE,EUROPE,Northern Europe,372,250,Ireland,Irlande (l'),IE,IRL,372,Ireland,EUW,Western Europe Union,17,WEU,Western Europe,IRELAND,IRELAND,Ireland,IRL,EUN,EUN,IRL,IRL,EUN_IRL,EUW,EUW_IE,,,,,,CUB,SAC_CUB,Cuba,CUB
GBR_GBR,EUROPE,EUROPE,Northern Europe,833,251,Isle of Man,Île de Man,IM,IMN,833,Isle of Man,GBR,United Kingdom,18,WEU,Western Europe,,UK,United Kingdom,GBR,EUN,GBR,GBR,GBR,GBR_GBR,GBR,GBR_IM,,,,,,CUW,SAC_CUW,Curaçao/Netherlands Antilles,CUW
EUE_LVA,EUROPE,EUROPE,Northern Europe,428,252,Latvia,Lettonie (la),LV,LVA,428,Latvia,EUE,Eastern Europe Union,16,FSU,Former Soviet Union,LATVIA,LATVIA,Latvia,LVA,EUN,EUE,LVA,LVA,EUE_LVA,EUE,EUE_LV,,,,,,DOM,SAC_DOM,Dominican Republic,DOM
EUE_LTU,EUROPE,EUROPE,Northern Europe,440,253,Lithuania,Lituanie (la),LT,LTU,440,Lithuania,EUE,Eastern Europe Union,16,FSU,Former Soviet Union,LITHUANIA,LITHUANIA,Lithuania,LTU,EUN,EUE,LTU,LTU,EUE_LTU,EUE,EUE_LT,,,,,,HTI,SAC_HTI,Haiti,HTI
ENN_NOR,EUROPE,EUROPE,Northern Europe,578,254,Norway,Norvège (la),NO,NOR,578,Norway,ENW,Non-EU Western Europe,15,WEU,Western Europe,NORWAY,NORWAY,Norway,NOR,EUN,ENN,NOR,NOR,ENN_NOR,ENW,ENW_NO,,,,,,JAM,SAC_JAM,Jamaica,JAM
EUN_SWE,EUROPE,EUROPE,Northern Europe,752,255,Sweden,Suède (la),SE,SWE,752,Sweden,EUW,Western Europe Union,17,WEU,Western Europe,SWEDEN,SWEDEN,Sweden,SWE,EUN,EUN,SWE,SWE,EUN_SWE,EUW,EUW_SE,,,,,,TTO,SAC_TTO,Trinidad and Tobago,TTO
GBR_GBR,EUROPE,EUROPE,Northern Europe,826,256,United Kingdom,Royaume-Uni de Grande-Bretagne et d'Irlande du Nord (le),GB,GBR,826,United Kingdom of Great Britain and Northern Ireland,GBR,United Kingdom,18,WEU,Western Europe,ENGLAND & WALES,UK,United Kingdom,GBR,EUN,GBR,GBR,GBR,GBR_GBR,GBR,GBR_GB,,,,,,CRI,SAC_CRI,Costa Rica,CRI
ENS_ALB,EUROPE,EUROPE,Southern Europe,8,258,Albania,Albanie (l'),AL,ALB,8,Albania,ENE,Non-EU Eastern Europe,14,EEU,Eastern Europe,ALBANIA,ALBANIA,Albania,ALB,EUS,ENS,ALB,ALB,ENS_ALB,ENE,ENE_AL,,,,,,SLV,SAC_SLV,El Salvador,SLV
#N/A,EUROPE,EUROPE,Southern Europe,20,259,Andorra,Andorre (l'),AD,AND,20,Andorra,N/A,N/A,N/A,N/A,N/A,,N/A,#N/A,#N/A,EUS,#N/A,AND,,#N/A,#N/A,#N/A,,,,,,GTM,SAC_GTM,Guatemala,GTM
ENS_BIH,EUROPE,EUROPE,Southern Europe,70,260,Bosnia and Herzegovina,Bosnie-Herzégovine (la),BA,BIH,70,Bosnia and Herzegovina,ENE,Non-EU Eastern Europe,14,EEU,Eastern Europe,BOSNIA-HERZEGOVINA,BOSNIAHERZ,Bosnia and Herzegovina,BIH,EUS,ENS,BIH,BIH,ENS_BIH,ENE,ENE_BA,,,,,,HND,SAC_HND,Honduras,HND
EUS_HRV,EUROPE,EUROPE,Southern Europe,191,261,Croatia,Croatie (la),HR,HRV,191,Croatia,EUE,Eastern Europe Union,16,EEU,Eastern Europe,CROATIA,CROATIA,Croatia,HRV,EUS,EUS,HRV,HRV,EUS_HRV,EUE,EUE_HR,,,,,,MEX,MEX_MEX,Mexico,MEX
GBR_GIB,EUROPE,EUROPE,Southern Europe,292,262,Gibraltar,Gibraltar,GI,GIB,292,Gibraltar,GBR,United Kingdom,18,WEU,Western Europe,GIBRALTAR,GIBRALTAR,Gibraltar,GIB,EUS,GBR,GIB,GIB,GBR_GIB,GBR,GBR_GI,,,,,,NIC,SAC_NIC,Nicaragua,NIC
EUS_GRC,EUROPE,EUROPE,Southern Europe,300,263,Greece,Grèce (la),GR,GRC,300,Greece,EUW,Western Europe Union,17,WEU,Western Europe,GREECE,GREECE,Greece,GRC,EUS,EUS,GRC,GRC,EUS_GRC,EUW,EUW_GR,,,,,,PAN,SAC_PAN,Panama,PAN
EUS_ITA,EUROPE,EUROPE,Southern Europe,336,264,Holy See (the),Saint-Siège (le),VA,VAT,336,Holy See,EUW,Western Europe Union,17,WEU,Western Europe,,ITALY,Italy,ITA,EUS,EUS,ITA,ITA,EUS_ITA,EUW,EUW_VA,,,,,,ARG,ARG_ARG,Argentina,ARG
EUS_ITA,EUROPE,EUROPE,Southern Europe,380,265,Italy,Italie (l'),IT,ITA,380,Italy,EUW,Western Europe Union,17,WEU,Western Europe,ITALY,ITALY,Italy,ITA,EUS,EUS,ITA,ITA,EUS_ITA,EUW,EUW_IT,,,,,,BOL,SAS_BOL,Plurinational State of Bolivia,BOL
EUS_MLT,EUROPE,EUROPE,Southern Europe,470,266,Malta,Malte,MT,MLT,470,Malta,EUE,Eastern Europe Union,16,WEU,Western Europe,MALTA,MALTA,Malta,MLT,EUS,EUS,MLT,MLT,EUS_MLT,EUE,EUE_MT,,,,,,BRA,BRA_BRA,Brazil,BRA
ENS_MNE,EUROPE,EUROPE,Southern Europe,499,267,Montenegro,Monténégro (le),ME,MNE,499,Montenegro,ENE,Non-EU Eastern Europe,14,EEU,Eastern Europe,MONTENEGRO,MONTENEGRO,Montenegro,MNE,EUS,ENS,MNE,MNE,ENS_MNE,ENE,ENE_ME,,,,,,CHL,SAS_CHL,Chile,CHL
ENS_MKD,EUROPE,EUROPE,Southern Europe,807,268,North Macedonia,Macédoine du Nord (la),MK,MKD,807,North Macedonia,ENE,Non-EU Eastern Europe,14,EEU,Eastern Europe,NORTH MACEDONIA,NORTHMACED,Republic of North Macedonia,NORTHMACED,EUS,ENS,MKD,MKD,ENS_MKD,ENE,ENE_MK,,,,,,COL,SAS_COL,Colombia,COL
EUS_PRT,EUROPE,EUROPE,Southern Europe,620,269,Portugal,Portugal (le),PT,PRT,620,Portugal,EUW,Western Europe Union,17,WEU,Western Europe,PORTUGAL,PORTUGAL,Portugal,PRT,EUS,EUS,PRT,PRT,EUS_PRT,EUW,EUW_PT,,,,,,ECU,SAS_ECU,Ecuador,ECU
EUS_ITA,EUROPE,EUROPE,Southern Europe,674,270,San Marino,Saint-Marin,SM,SMR,674,San Marino,EUW,Western Europe Union,17,WEU,Western Europe,,ITALY,Italy,ITA,EUS,EUS,ITA,ITA,EUS_ITA,EUW,EUW_SM,,,,,,GUY,SAS_GUY,Guyana,GUY
ENS_SRB,EUROPE,EUROPE,Southern Europe,688,271,Serbia,Serbie (la),RS,SRB,688,Serbia,ENE,Non-EU Eastern Europe,14,EEU,Eastern Europe,SERBIA,SERBIA,Serbia,SRB,EUS,ENS,SRB,SRB,ENS_SRB,ENE,ENE_RS,,,,,,PRY,SAS_PRY,Paraguay,PRY
EUS_SVN,EUROPE,EUROPE,Southern Europe,705,272,Slovenia,Slovénie (la),SI,SVN,705,Slovenia,EUE,Eastern Europe Union,16,EEU,Eastern Europe,SLOVENIA,SLOVENIA,Slovenia,SVN,EUS,EUS,SVN,SVN,EUS_SVN,EUE,EUE_SI,,,,,,PER,SAS_PER,Peru,PER
EUS_ESP,EUROPE,EUROPE,Southern Europe,724,273,Spain,Espagne (l'),ES,ESP,724,Spain,EUW,Western Europe Union,17,WEU,Western Europe,SPAIN,SPAIN,Spain,ESP,EUS,EUS,ESP,ESP,EUS_ESP,EUW,EUW_ES,,,,,,SUR,SAS_SUR,Suriname,SUR
EUW_AUT,EUROPE,EUROPE,Western Europe,40,275,Austria,Autriche (l'),AT,AUT,40,Austria,EUW,Western Europe Union,17,WEU,Western Europe,AUSTRIA,AUSTRIA,Austria,AUT,EUW,EUW,AUT,AUT,EUW_AUT,EUW,EUW_AT,,,,,,URY,SAS_URY,Uruguay,URY
EUW_BEL,EUROPE,EUROPE,Western Europe,56,276,Belgium,Belgique (la),BE,BEL,56,Belgium,EUW,Western Europe Union,17,WEU,Western Europe,BELGIUM,BELGIUM,Belgium,BEL,EUW,EUW,BEL,BEL,EUW_BEL,EUW,EUW_BE,,,,,,VEN,SAS_VEN,Bolivarian Republic of Venezuela,VEN
EUW_FRA,EUROPE,EUROPE,Western Europe,250,277,France,France (la),FR,FRA,250,France,EUW,Western Europe Union,17,WEU,Western Europe,FRANCE,FRANCE,France,FRA,EUW,EUW,FRA,FRA,EUW_FRA,EUW,EUW_FR,,,,,,,,#N/A,
EUW_DEU,EUROPE,EUROPE,Western Europe,276,278,Germany,Allemagne (l'),DE,DEU,276,Germany,EUW,Western Europe Union,17,WEU,Western Europe,GERMANY,GERMANY,Germany,DEU,EUW,EUW,DEU,DEU,EUW_DEU,EUW,EUW_DE,,,,,,,,#N/A,
#N/A,EUROPE,EUROPE,Western Europe,438,279,Liechtenstein,Liechtenstein (le),LI,LIE,438,Liechtenstein,N/A,N/A,N/A,N/A,N/A,,N/A,#N/A,#N/A,EUW,#N/A,LIE,,#N/A,#N/A,#N/A,,,,,,,,#N/A,
EUW_LUX,EUROPE,EUROPE,Western Europe,442,280,Luxembourg,Luxembourg (le),LU,LUX,442,Luxembourg,EUW,Western Europe Union,17,WEU,Western Europe,LUXEMBOURG,LUXEMBOU,Luxembourg,LUX,EUW,EUW,LUX,LUX,EUW_LUX,EUW,EUW_LU,,,,,,,,#N/A,
EUW_FRA,EUROPE,EUROPE,Western Europe,492,281,Monaco,Monaco,MC,MCO,492,Monaco,EUW,Western Europe Union,17,WEU,Western Europe,MONACO,FRANCE,France,FRA,EUW,EUW,FRA,FRA,EUW_FRA,EUW,EUW_MC,,,,,,,,#N/A,
EUW_NLD,EUROPE,EUROPE,Western Europe,528,282,Netherlands,Pays-Bas (les),NL,NLD,528,Netherlands,EUW,Western Europe Union,17,WEU,Western Europe,NETHERLANDS,NETHLAND,Netherlands,NLD,EUW,EUW,NLD,NLD,EUW_NLD,EUW,EUW_NL,,,,,,,,#N/A,
ENW_CHE,EUROPE,EUROPE,Western Europe,756,283,Switzerland,Suisse (la),CH,CHE,756,Switzerland,ENW,Non-EU Western Europe,15,WEU,Western Europe,SWITZERLAND,SWITLAND,Switzerland,CHE,EUW,ENW,CHE,CHE,ENW_CHE,ENW,ENW_CH,,,,,,,,#N/A,
#N/A,EUROPE,EUROPE,Western Europe,248,#N/A,Åland Islands,Åland(les Îles),AX,ALA,248,Åland Islands,EUW,Western Europe Union,17,WEU,Western Europe,,FINLAND,#N/A,#N/A,EUW,#N/A,ALA,,#N/A,#N/A,#N/A,,,,,,,,#N/A,
SAO,NORTH AMERICA,EUROPE AND NORTHERN AMERICA,NORTHERN AMERICA,60,285,Bermuda,Bermudes (les),BM,BMU,60,Bermuda,LAM,Latin America,24,CSA,Central & South America,BERMUDA,OTHERLATIN,Other non-OECD Americas,OTHERLATIN,SAO,SAO,SAO,SAO,SAO,LAM,LAM_BM,,,,,,,,#N/A,
CAN_CAN,NORTH AMERICA,EUROPE AND NORTHERN AMERICA,NORTHERN AMERICA,124,286,Canada,Canada (le),CA,CAN,124,Canada,CAN,Canada,12,CAN,Canada,CANADA,CANADA,Canada,CAN,NAM,CAN,CAN,CAN,CAN_CAN,CAN,CAN_CA,,,,,,,,#N/A,
NAM_GRL,NORTH AMERICA,EUROPE AND NORTHERN AMERICA,NORTHERN AMERICA,304,287,Greenland,Groenland (le),GL,GRL,304,Greenland,N/A,N/A,N/A,N/A,N/A,,N/A,Memo: Greenland,GREENLAND,NAM,NAM,GRL,GRL,NAM_GRL,N/A,N/A_GL,,,,,,,,#N/A,
SAO,NORTH AMERICA,EUROPE AND NORTHERN AMERICA,NORTHERN AMERICA,666,288,Saint Pierre and Miquelon,Saint-Pierre-et-Miquelon,PM,SPM,666,Saint Pierre and Miquelon,LAM,Latin America,24,CSA,Central & South America,ST PIERRE & MIQUELON,OTHERLATIN,Other non-OECD Americas,OTHERLATIN,SAO,SAO,SAO,SAO,SAO,LAM,LAM_PM,,,,,,,,#N/A,
USA_USA,NORTH AMERICA,EUROPE AND NORTHERN AMERICA,NORTHERN AMERICA,840,289,United States,États-Unis d'Amérique (les),US,USA,840,United States of America,USA,United States,30,USA,USA,USA,USA,United States,USA,NAM,USA,USA,USA,USA_USA,USA,USA_US,,,,,,,,#N/A,
ASO,OCEANIA,OCEANIA (EXCLUDING AUSTRALIA AND NEW ZEALAND),Melanesia,242,207,Fiji,Fidji (les),FJ,FJI,242,Fiji,ASR,The rest of Asia,10,ODA,Other Developing Asia,FIJI,OTHERASIA,Other non-OECD Asia,OTHERASIA,ASO,ASO,ASO,ASO,ASO,ASR,ASR_FJ,,,,,,,,#N/A,
ASO,OCEANIA,OCEANIA (EXCLUDING AUSTRALIA AND NEW ZEALAND),Melanesia,540,208,New Caledonia,Nouvelle-Calédonie (la),NC,NCL,540,New Caledonia,ASR,The rest of Asia,10,ODA,Other Developing Asia,NEW CALEDONIA,OTHERASIA,Other non-OECD Asia,OTHERASIA,ASO,ASO,ASO,ASO,ASO,ASR,ASR_NC,,,,,,,,#N/A,
ASO,OCEANIA,OCEANIA (EXCLUDING AUSTRALIA AND NEW ZEALAND),Melanesia,598,209,Papua New Guinea,Papouasie-Nouvelle-Guinée (la),PG,PNG,598,Papua New Guinea,ASR,The rest of Asia,10,ODA,Other Developing Asia,PAPUA NEW GUINEA,OTHERASIA,Other non-OECD Asia,OTHERASIA,ASO,ASO,ASO,ASO,ASO,ASR,ASR_PG,,,,,,,,#N/A,
ASO,OCEANIA,OCEANIA (EXCLUDING AUSTRALIA AND NEW ZEALAND),Melanesia,90,210,Solomon Islands,Salomon (les Îles),SB,SLB,90,Solomon Islands,ASR,The rest of Asia,10,ODA,Other Developing Asia,SOLOMON ISLANDS,OTHERASIA,Other non-OECD Asia,OTHERASIA,ASO,ASO,ASO,ASO,ASO,ASR,ASR_SB,,,,,,,,#N/A,
ASO,OCEANIA,OCEANIA (EXCLUDING AUSTRALIA AND NEW ZEALAND),Melanesia,548,211,Vanuatu,Vanuatu (le),VU,VUT,548,Vanuatu,ASR,The rest of Asia,10,ODA,Other Developing Asia,VANUATU,OTHERASIA,Other non-OECD Asia,OTHERASIA,ASO,ASO,ASO,ASO,ASO,ASR,ASR_VU,,,,,,,,#N/A,
#N/A,OCEANIA,OCEANIA (EXCLUDING AUSTRALIA AND NEW ZEALAND),Micronesia,316,213,Guam,Guam,GU,GUM,316,Guam,USA,United States,30,N/A,N/A,GUAM,N/A,United States,USA,ASO,#N/A,GUM,,#N/A,#N/A,#N/A,,,,,,,,#N/A,
ASO,OCEANIA,OCEANIA (EXCLUDING AUSTRALIA AND NEW ZEALAND),Micronesia,296,214,Kiribati,Kiribati,KI,KIR,296,Kiribati,ASR,The rest of Asia,10,ODA,Other Developing Asia,KIRIBATI,OTHERASIA,Other non-OECD Asia,OTHERASIA,ASO,ASO,ASO,ASO,ASO,ASR,ASR_KI,,,,,,,,,
#N/A,OCEANIA,OCEANIA (EXCLUDING AUSTRALIA AND NEW ZEALAND),Micronesia,584,215,Marshall Islands (the),Marshall (les Îles),MH,MHL,584,Marshall Islands,N/A,N/A,N/A,N/A,N/A,,N/A,#N/A,#N/A,ASO,#N/A,MHL,,#N/A,#N/A,#N/A,,,,,,,,,
#N/A,OCEANIA,OCEANIA (EXCLUDING AUSTRALIA AND NEW ZEALAND),Micronesia,583,216,Micronesia (Federated States of),Micronésie (États fédérés de),FM,FSM,583,Micronesia,N/A,N/A,N/A,N/A,N/A,,N/A,#N/A,#N/A,ASO,#N/A,FSM,,#N/A,#N/A,#N/A,,,,,,,,,
#N/A,OCEANIA,OCEANIA (EXCLUDING AUSTRALIA AND NEW ZEALAND),Micronesia,520,217,Nauru,Nauru,NR,NRU,520,Nauru,N/A,N/A,N/A,N/A,N/A,,N/A,#N/A,#N/A,ASO,#N/A,NRU,,#N/A,#N/A,#N/A,,,,,,,,,
#N/A,OCEANIA,OCEANIA (EXCLUDING AUSTRALIA AND NEW ZEALAND),Micronesia,580,218,Northern Mariana Islands (the),Mariannes du Nord (les Îles),MP,MNP,580,Northern Mariana Islands,N/A,N/A,N/A,N/A,N/A,,N/A,#N/A,#N/A,ASO,#N/A,MNP,,#N/A,#N/A,#N/A,,,,,,,,,
ASO,OCEANIA,OCEANIA (EXCLUDING AUSTRALIA AND NEW ZEALAND),Micronesia,585,219,Palau,Palaos (les),PW,PLW,585,Palau,ASR,The rest of Asia,10,ODA,Other Developing Asia,PALAU,OTHERASIA,Other non-OECD Asia,OTHERASIA,ASO,ASO,ASO,ASO,ASO,ASR,ASR_PW,,,,,,,,,
#N/A,OCEANIA,OCEANIA (EXCLUDING AUSTRALIA AND NEW ZEALAND),Polynesia,16,221,American Samoa,Samoa américaines (les),AS,ASM,16,American Samoa,N/A,N/A,N/A,N/A,N/A,,N/A,#N/A,#N/A,ASO,#N/A,ASM,,#N/A,#N/A,#N/A,,,,,,,,,
ASO,OCEANIA,OCEANIA (EXCLUDING AUSTRALIA AND NEW ZEALAND),Polynesia,184,222,Cook Islands (the),Cook (les Îles),CK,COK,184,Cook Islands,ASR,The rest of Asia,10,ODA,Other Developing Asia,COOK ISLANDS,OTHERASIA,Other non-OECD Asia,OTHERASIA,ASO,ASO,ASO,ASO,ASO,ASR,ASR_CK,,,,,,,,,
ASO,OCEANIA,OCEANIA (EXCLUDING AUSTRALIA AND NEW ZEALAND),Polynesia,258,223,French Polynesia,Polynésie française (la),PF,PYF,258,French Polynesia,ASR,The rest of Asia,10,ODA,Other Developing Asia,FRENCH POLYNESIA,OTHERASIA,Other non-OECD Asia,OTHERASIA,ASO,ASO,ASO,ASO,ASO,ASR,ASR_PF,,,,,,,,,
#N/A,OCEANIA,OCEANIA (EXCLUDING AUSTRALIA AND NEW ZEALAND),Polynesia,570,224,Niue,Niue,NU,NIU,570,Niue,N/A,N/A,N/A,N/A,N/A,,N/A,#N/A,#N/A,ASO,#N/A,NIU,,#N/A,#N/A,#N/A,,,,,,,,,
ASO,OCEANIA,OCEANIA (EXCLUDING AUSTRALIA AND NEW ZEALAND),Polynesia,882,225,Samoa,Samoa (le),WS,WSM,882,Samoa,ASR,The rest of Asia,10,ODA,Other Developing Asia,SAMOA,OTHERASIA,Other non-OECD Asia,OTHERASIA,ASO,ASO,ASO,ASO,ASO,ASR,ASR_WS,,,,,,,,,
#N/A,OCEANIA,OCEANIA (EXCLUDING AUSTRALIA AND NEW ZEALAND),Polynesia,772,226,Tokelau,Tokelau (les),TK,TKL,772,Tokelau,N/A,N/A,N/A,N/A,N/A,,N/A,#N/A,#N/A,ASO,#N/A,TKL,,#N/A,#N/A,#N/A,,,,,,,,,
ASO,OCEANIA,OCEANIA (EXCLUDING AUSTRALIA AND NEW ZEALAND),Polynesia,776,227,Tonga,Tonga (les),TO,TON,776,Tonga,ASR,The rest of Asia,10,ODA,Other Developing Asia,TONGA,OTHERASIA,Other non-OECD Asia,OTHERASIA,ASO,ASO,ASO,ASO,ASO,ASR,ASR_TO,,,,,,,,,
#N/A,OCEANIA,OCEANIA (EXCLUDING AUSTRALIA AND NEW ZEALAND),Polynesia,798,228,Tuvalu,Tuvalu (les),TV,TUV,798,Tuvalu,N/A,N/A,N/A,N/A,N/A,,N/A,#N/A,#N/A,ASO,#N/A,TUV,,#N/A,#N/A,#N/A,,,,,,,,,
#N/A,OCEANIA,OCEANIA (EXCLUDING AUSTRALIA AND NEW ZEALAND),Polynesia,876,229,Wallis and Futuna,Wallis-et-Futuna,WF,WLF,876,Wallis and Futuna,N/A,N/A,N/A,N/A,N/A,,N/A,#N/A,#N/A,ASO,#N/A,WLF,,#N/A,#N/A,#N/A,,,,,,,,,
SAO,SOUTH AMERICA,LATIN AMERICA AND THE CARIBBEAN,Caribbean,660,150,Anguilla,Anguilla,AI,AIA,660,Anguilla,LAM,Latin America,24,CSA,Central & South America,ANGUILLA,OTHERLATIN,Other non-OECD Americas,OTHERLATIN,SAO,SAO,SAO,SAO,SAO,LAM,LAM_AI,,,,,,,,,
SAO,SOUTH AMERICA,LATIN AMERICA AND THE CARIBBEAN,Caribbean,28,151,Antigua and Barbuda,Antigua-et-Barbuda,AG,ATG,28,Antigua and Barbuda,LAM,Latin America,24,CSA,Central & South America,ANTIGUA & BARBUDA,OTHERLATIN,Other non-OECD Americas,OTHERLATIN,SAO,SAO,SAO,SAO,SAO,LAM,LAM_AG,,,,,,,,,
SAO,SOUTH AMERICA,LATIN AMERICA AND THE CARIBBEAN,Caribbean,533,152,Aruba,Aruba,AW,ABW,533,Aruba,LAM,Latin America,24,CSA,Central & South America,,OTHERLATIN,Other non-OECD Americas,OTHERLATIN,SAO,SAO,SAO,SAO,SAO,LAM,LAM_AW,,,,,,,,,
SAO,SOUTH AMERICA,LATIN AMERICA AND THE CARIBBEAN,Caribbean,44,153,Bahamas (the),Bahamas (les),BS,BHS,44,Bahamas,LAM,Latin America,24,CSA,Central & South America,BAHAMAS,OTHERLATIN,Other non-OECD Americas,OTHERLATIN,SAO,SAO,SAO,SAO,SAO,LAM,LAM_BS,,,,,,,,,
SAO,SOUTH AMERICA,LATIN AMERICA AND THE CARIBBEAN,Caribbean,52,154,Barbados,Barbade (la),BB,BRB,52,Barbados,LAM,Latin America,24,CSA,Central & South America,BARBADOS,OTHERLATIN,Other non-OECD Americas,OTHERLATIN,SAO,SAO,SAO,SAO,SAO,LAM,LAM_BB,,,,,,,,,
SAO,SOUTH AMERICA,LATIN AMERICA AND THE CARIBBEAN,Caribbean,535,155,"Bonaire, Sint Eustatius and Saba","Bonaire, Saint-Eustache et Saba",BQ,BES,535,"Bonaire, Sint Eustatius and Saba",LAM,Latin America,24,CSA,Central & South America,,OTHERLATIN,Other non-OECD Americas,OTHERLATIN,SAO,SAO,SAO,SAO,SAO,LAM,LAM_BQ,,,,,,,,,
SAO,SOUTH AMERICA,LATIN AMERICA AND THE CARIBBEAN,Caribbean,92,156,Virgin Islands (British),Vierges britanniques (les Îles),VG,VGB,92,British Virgin Islands,LAM,Latin America,24,CSA,Central & South America,BRITISH VIRGIN ISLANDS,OTHERLATIN,Other non-OECD Americas,OTHERLATIN,SAO,SAO,SAO,SAO,SAO,LAM,LAM_VG,,,,,,,,,
SAO,SOUTH AMERICA,LATIN AMERICA AND THE CARIBBEAN,Caribbean,136,157,Cayman Islands (the),Caïmans (les Îles),KY,CYM,136,Cayman Islands,LAM,Latin America,24,CSA,Central & South America,CAYMAN ISLANDS,OTHERLATIN,Other non-OECD Americas,OTHERLATIN,SAO,SAO,SAO,SAO,SAO,LAM,LAM_KY,,,,,,,,,
SAC_CUB,SOUTH AMERICA,LATIN AMERICA AND THE CARIBBEAN,Caribbean,192,158,Cuba,Cuba,CU,CUB,192,Cuba,LAM,Latin America,24,CSA,Central & South America,CUBA,CUBA,Cuba,CUB,SAC,SAC,CUB,CUB,SAC_CUB,LAM,LAM_CU,,,,,,,,,
SAC_CUW,SOUTH AMERICA,LATIN AMERICA AND THE CARIBBEAN,Caribbean,531,159,Curaçao,Curaçao,CW,CUW,531,Curaçao,LAM,Latin America,24,CSA,Central & South America,,CURACAO,Curaçao/Netherlands Antilles,CUW,SAC,SAC,CUW,CUW,SAC_CUW,LAM,LAM_CW,,,,,,,,,
SAO,SOUTH AMERICA,LATIN AMERICA AND THE CARIBBEAN,Caribbean,212,160,Dominica,Dominique (la),DM,DMA,212,Dominica,LAM,Latin America,24,CSA,Central & South America,DOMINICA,OTHERLATIN,Other non-OECD Americas,OTHERLATIN,SAO,SAO,SAO,SAO,SAO,LAM,LAM_DM,,,,,,,,,
SAC_DOM,SOUTH AMERICA,LATIN AMERICA AND THE CARIBBEAN,Caribbean,214,161,Dominican Republic,dominicaine (la République),DO,DOM,214,Dominican Republic,LAM,Latin America,24,CSA,Central & South America,DOMINICAN REPUBLIC,DOMINICANR,Dominican Republic,DOM,SAC,SAC,DOM,DOM,SAC_DOM,LAM,LAM_DO,,,,,,,,,
SAO,SOUTH AMERICA,LATIN AMERICA AND THE CARIBBEAN,Caribbean,308,162,Grenada,Grenade (la),GD,GRD,308,Grenada,LAM,Latin America,24,CSA,Central & South America,GRENADA,OTHERLATIN,Other non-OECD Americas,OTHERLATIN,SAO,SAO,SAO,SAO,SAO,LAM,LAM_GD,,,,,,,,,
SAO,SOUTH AMERICA,LATIN AMERICA AND THE CARIBBEAN,Caribbean,312,163,Guadeloupe,Guadeloupe (la),GP,GLP,312,Guadeloupe,LAM,Latin America,24,CSA,Central & South America,GUADELOUPE,OTHERLATIN,France,FRA,SAO,SAO,SAO,SAO,SAO,LAM,LAM_GP,,,,,,,,,
SAC_HTI,SOUTH AMERICA,LATIN AMERICA AND THE CARIBBEAN,Caribbean,332,164,Haiti,Haïti,HT,HTI,332,Haiti,LAM,Latin America,24,CSA,Central & South America,HAITI,HAITI,Haiti,HTI,SAC,SAC,HTI,HTI,SAC_HTI,LAM,LAM_HT,,,,,,,,,
SAC_JAM,SOUTH AMERICA,LATIN AMERICA AND THE CARIBBEAN,Caribbean,388,165,Jamaica,Jamaïque (la),JM,JAM,388,Jamaica,LAM,Latin America,24,CSA,Central & South America,JAMAICA,JAMAICA,Jamaica,JAM,SAC,SAC,JAM,JAM,SAC_JAM,LAM,LAM_JM,,,,,,,,,
SAO,SOUTH AMERICA,LATIN AMERICA AND THE CARIBBEAN,Caribbean,474,166,Martinique,Martinique (la),MQ,MTQ,474,Martinique,LAM,Latin America,24,CSA,Central & South America,MARTINIQUE,OTHERLATIN,France,FRA,SAO,SAO,MTQ,SAO,SAO,LAM,LAM_MQ,,,,,,,,,
SAO,SOUTH AMERICA,LATIN AMERICA AND THE CARIBBEAN,Caribbean,500,167,Montserrat,Montserrat,MS,MSR,500,Montserrat,LAM,Latin America,24,CSA,Central & South America,MONTSERRAT,OTHERLATIN,Other non-OECD Americas,OTHERLATIN,SAO,SAO,SAO,SAO,SAO,LAM,LAM_MS,,,,,,,,,
USA_USA,SOUTH AMERICA,LATIN AMERICA AND THE CARIBBEAN,Caribbean,630,168,Puerto Rico,Porto Rico,PR,PRI,630,Puerto Rico,LAM,Latin America,24,CSA,Central & South America,,OTHERLATIN,United States,USA,NAM,USA,USA,USA,USA_USA,LAM,LAM_PR,,,,,,,,,
#N/A,SOUTH AMERICA,LATIN AMERICA AND THE CARIBBEAN,Caribbean,652,169,Saint Barthélemy,Saint-Barthélemy,BL,BLM,652,Saint Barthélemy,N/A,N/A,N/A,N/A,N/A,,N/A,#N/A,#N/A,SAC,#N/A,BLM,,#N/A,#N/A,#N/A,,,,,,,,,
SAO,SOUTH AMERICA,LATIN AMERICA AND THE CARIBBEAN,Caribbean,659,170,Saint Kitts and Nevis,Saint-Kitts-et-Nevis,KN,KNA,659,Saint Kitts and Nevis,LAM,Latin America,24,CSA,Central & South America,ST KITTS & NEVIS,OTHERLATIN,Other non-OECD Americas,OTHERLATIN,SAO,SAO,SAO,SAO,SAO,LAM,LAM_KN,,,,,,,,,
SAO,SOUTH AMERICA,LATIN AMERICA AND THE CARIBBEAN,Caribbean,662,171,Saint Lucia,Sainte-Lucie,LC,LCA,662,Saint Lucia,LAM,Latin America,24,CSA,Central & South America,ST LUCIA,OTHERLATIN,Other non-OECD Americas,OTHERLATIN,SAO,SAO,SAO,SAO,SAO,LAM,LAM_LC,,,,,,,,,
#N/A,SOUTH AMERICA,LATIN AMERICA AND THE CARIBBEAN,Caribbean,663,172,Saint Martin (French part),Saint-Martin (partie française),MF,MAF,663,Saint Martin,N/A,N/A,N/A,N/A,N/A,,N/A,#N/A,#N/A,SAC,#N/A,MAF,,#N/A,#N/A,#N/A,,,,,,,,,
SAO,SOUTH AMERICA,LATIN AMERICA AND THE CARIBBEAN,Caribbean,670,173,Saint Vincent and the Grenadines,Saint-Vincent-et-les Grenadines,VC,VCT,670,Saint Vincent and the Grenadines,LAM,Latin America,24,CSA,Central & South America,ST VINCENT & GRENADINES,OTHERLATIN,Other non-OECD Americas,OTHERLATIN,SAO,SAO,SAO,SAO,SAO,LAM,LAM_VC,,,,,,,,,
SAO,SOUTH AMERICA,LATIN AMERICA AND THE CARIBBEAN,Caribbean,534,174,Sint Maarten (Dutch part),Saint-Martin (partie néerlandaise),SX,SXM,534,Sint Maarten,LAM,Latin America,24,CSA,Central & South America,SAINT-MARTIN,OTHERLATIN,Other non-OECD Americas,OTHERLATIN,SAO,SAO,SAO,SAO,SAO,LAM,LAM_SX,,,,,,,,,
SAC_TTO,SOUTH AMERICA,LATIN AMERICA AND THE CARIBBEAN,Caribbean,780,175,Trinidad and Tobago,Trinité-et-Tobago (la),TT,TTO,780,Trinidad and Tobago,LAM,Latin America,24,CSA,Central & South America,TRINIDAD & TOBAGO,TRINIDAD,Trinidad and Tobago,TTO,SAC,SAC,TTO,TTO,SAC_TTO,LAM,LAM_TT,,,,,,,,,
SAO,SOUTH AMERICA,LATIN AMERICA AND THE CARIBBEAN,Caribbean,796,176,Turks and Caicos Islands (the),Turks-et-Caïcos (les Îles),TC,TCA,796,Turks and Caicos Islands,LAM,Latin America,24,CSA,Central & South America,TURKS & CAICOS,OTHERLATIN,Other non-OECD Americas,OTHERLATIN,SAO,SAO,SAO,SAO,SAO,LAM,LAM_TC,,,,,,,,,
USA_USA,SOUTH AMERICA,LATIN AMERICA AND THE CARIBBEAN,Caribbean,850,177,Virgin Islands (U.S.),Vierges des États-Unis (les Îles),VI,VIR,850,Virgin Islands,USA,United States,30,USA,USA,,USA,United States,USA,NAM,USA,USA,USA,USA_USA,USA,USA_VI,,,,,,,,,
SAO,SOUTH AMERICA,LATIN AMERICA AND THE CARIBBEAN,Central America,84,179,Belize,Belize (le),BZ,BLZ,84,Belize,LAM,Latin America,24,CSA,Central & South America,BELIZE,OTHERLATIN,Other non-OECD Americas,OTHERLATIN,SAO,SAO,SAO,SAO,SAO,LAM,LAM_BZ,,,,,,,,,
SAC_CRI,SOUTH AMERICA,LATIN AMERICA AND THE CARIBBEAN,Central America,188,180,Costa Rica,Costa Rica (le),CR,CRI,188,Costa Rica,LAM,Latin America,24,CSA,Central & South America,COSTA RICA,COSTARICA,Costa Rica,CRI,SAC,SAC,CRI,CRI,SAC_CRI,LAM,LAM_CR,,,,,,,,,
SAC_SLV,SOUTH AMERICA,LATIN AMERICA AND THE CARIBBEAN,Central America,222,181,El Salvador,El Salvador,SV,SLV,222,El Salvador,LAM,Latin America,24,CSA,Central & South America,EL SALVADOR,ELSALVADOR,El Salvador,SLV,SAC,SAC,SLV,SLV,SAC_SLV,LAM,LAM_SV,,,,,,,,,
SAC_GTM,SOUTH AMERICA,LATIN AMERICA AND THE CARIBBEAN,Central America,320,182,Guatemala,Guatemala (le),GT,GTM,320,Guatemala,LAM,Latin America,24,CSA,Central & South America,GUATEMALA,GUATEMALA,Guatemala,GTM,SAC,SAC,GTM,GTM,SAC_GTM,LAM,LAM_GT,,,,,,,,,
SAC_HND,SOUTH AMERICA,LATIN AMERICA AND THE CARIBBEAN,Central America,340,183,Honduras,Honduras (le),HN,HND,340,Honduras,LAM,Latin America,24,CSA,Central & South America,HONDURAS,HONDURAS,Honduras,HND,SAC,SAC,HND,HND,SAC_HND,LAM,LAM_HN,,,,,,,,,
MEX_MEX,SOUTH AMERICA,LATIN AMERICA AND THE CARIBBEAN,Central America,484,184,Mexico,Mexique (le),MX,MEX,484,Mexico,MEX,Mexico,26,MEX,Mexico,MEXICO,MEXICO,Mexico,MEX,SAC,MEX,MEX,MEX,MEX_MEX,MEX,MEX_MX,,,,,,,,,
SAC_NIC,SOUTH AMERICA,LATIN AMERICA AND THE CARIBBEAN,Central America,558,185,Nicaragua,Nicaragua (le),NI,NIC,558,Nicaragua,LAM,Latin America,24,CSA,Central & South America,NICARAGUA,NICARAGUA,Nicaragua,NIC,SAC,SAC,NIC,NIC,SAC_NIC,LAM,LAM_NI,,,,,,,,,
SAC_PAN,SOUTH AMERICA,LATIN AMERICA AND THE CARIBBEAN,Central America,591,186,Panama,Panama (le),PA,PAN,591,Panama,LAM,Latin America,24,CSA,Central & South America,PANAMA,PANAMA,Panama,PAN,SAC,SAC,PAN,PAN,SAC_PAN,LAM,LAM_PA,,,,,,,,,
ARG_ARG,SOUTH AMERICA,LATIN AMERICA AND THE CARIBBEAN,South America,32,188,Argentina,Argentine (l'),AR,ARG,32,Argentina,ARG,Argentina,6,CSA,Central & South America,ARGENTINA,ARGENTINA,Argentina,ARG,SAS,ARG,ARG,ARG,ARG_ARG,ARG,ARG_AR,,,,,,,,,
SAS_BOL,SOUTH AMERICA,LATIN AMERICA AND THE CARIBBEAN,South America,68,189,Bolivia,Bolivie (État plurinational de),BO,BOL,68,Bolivia,LAM,Latin America,24,CSA,Central & South America,BOLIVIA,BOLIVIA,Plurinational State of Bolivia,BOL,SAS,SAS,BOL,BOL,SAS_BOL,LAM,LAM_BO,,,,,,,,,
BRA_BRA,SOUTH AMERICA,LATIN AMERICA AND THE CARIBBEAN,South America,76,190,Brazil,Brésil (le),BR,BRA,76,Brazil,BRA,Brazil,11,CSA,Central & South America,BRAZIL,BRAZIL,Brazil,BRA,SAS,BRA,BRA,BRA,BRA_BRA,BRA,BRA_BR,,,,,,,,,
SAS_CHL,SOUTH AMERICA,LATIN AMERICA AND THE CARIBBEAN,South America,152,191,Chile,Chili (le),CL,CHL,152,Chile,LAM,Latin America,24,CSA,Central & South America,CHILE,CHILE,Chile,CHL,SAS,SAS,CHL,CHL,SAS_CHL,LAM,LAM_CL,,,,,,,,,
SAS_COL,SOUTH AMERICA,LATIN AMERICA AND THE CARIBBEAN,South America,170,192,Colombia,Colombie (la),CO,COL,170,Colombia,LAM,Latin America,24,CSA,Central & South America,COLOMBIA,COLOMBIA,Colombia,COL,SAS,SAS,COL,COL,SAS_COL,LAM,LAM_CO,,,,,,,,,
SAS_ECU,SOUTH AMERICA,LATIN AMERICA AND THE CARIBBEAN,South America,218,193,Ecuador,Équateur (l'),EC,ECU,218,Ecuador,LAM,Latin America,24,CSA,Central & South America,ECUADOR,ECUADOR,Ecuador,ECU,SAS,SAS,ECU,ECU,SAS_ECU,LAM,LAM_EC,,,,,,,,,
SAO,SOUTH AMERICA,LATIN AMERICA AND THE CARIBBEAN,South America,238,194,Falkland Islands (the) [Malvinas],Falkland (les Îles)/Malouines (les Îles),FK,FLK,238,Falkland Islands,LAM,Latin America,24,CSA,Central & South America,FALKLAND ISLANDS,OTHERLATIN,Other non-OECD Americas,OTHERLATIN,SAO,SAO,SAO,SAO,SAO,LAM,LAM_FK,,,,,,,,,
SAO,SOUTH AMERICA,LATIN AMERICA AND THE CARIBBEAN,South America,254,195,French Guiana,Guyane française (la ),GF,GUF,254,French Guiana,LAM,Latin America,24,CSA,Central & South America,FRENCH GUIANA,OTHERLATIN,Other non-OECD Americas,OTHERLATIN,SAO,SAO,SAO,SAO,SAO,LAM,LAM_GF,,,,,,,,,
SAS_GUY,SOUTH AMERICA,LATIN AMERICA AND THE CARIBBEAN,South America,328,196,Guyana,Guyana (le),GY,GUY,328,Guyana,LAM,Latin America,24,CSA,Central & South America,GUYANA,OTHERLATIN,Guyana,GUY,SAS,SAS,GUY,GUY,SAS_GUY,LAM,LAM_GY,,,,,,,,,
SAS_PRY,SOUTH AMERICA,LATIN AMERICA AND THE CARIBBEAN,South America,600,197,Paraguay,Paraguay (le),PY,PRY,600,Paraguay,LAM,Latin America,24,CSA,Central & South America,PARAGUAY,PARAGUAY,Paraguay,PRY,SAS,SAS,PRY,PRY,SAS_PRY,LAM,LAM_PY,,,,,,,,,
SAS_PER,SOUTH AMERICA,LATIN AMERICA AND THE CARIBBEAN,South America,604,198,Peru,Pérou (le),PE,PER,604,Peru,LAM,Latin America,24,CSA,Central & South America,PERU,PERU,Peru,PER,SAS,SAS,PER,PER,SAS_PER,LAM,LAM_PE,,,,,,,,,
SAS_SUR,SOUTH AMERICA,LATIN AMERICA AND THE CARIBBEAN,South America,740,199,Suriname,Suriname (le),SR,SUR,740,Suriname,LAM,Latin America,24,CSA,Central & South America,SURINAME,SURINAME,Suriname,SUR,SAS,SAS,SUR,SUR,SAS_SUR,LAM,LAM_SR,,,,,,,,,
SAS_URY,SOUTH AMERICA,LATIN AMERICA AND THE CARIBBEAN,South America,858,200,Uruguay,Uruguay (l'),UY,URY,858,Uruguay,LAM,Latin America,24,CSA,Central & South America,URUGUAY,URUGUAY,Uruguay,URY,SAS,SAS,URY,URY,SAS_URY,LAM,LAM_UY,,,,,,,,,
SAS_VEN,SOUTH AMERICA,LATIN AMERICA AND THE CARIBBEAN,South America,862,201,Venezuela (Bolivarian Republic of),Venezuela (République bolivarienne du),VE,VEN,862,Venezuela,LAM,Latin America,24,CSA,Central & South America,VENEZUELA,VENEZUELA,Bolivarian Republic of Venezuela,VEN,SAS,SAS,VEN,VEN,SAS_VEN,LAM,LAM_VE,,,,,,,,,
#N/A,,#N/A,#N/A,10,#N/A,Antarctica,Antarctique (l'),AQ,ATA,10,Antarctica,N/A,N/A,N/A,N/A,N/A,,N/A,#N/A,#N/A,#N/A,#N/A,ATA,,#N/A,#N/A,#N/A,,,,,,,,,
#N/A,,#N/A,#N/A,74,#N/A,Bouvet Island,Bouvet (l'Île),BV,BVT,74,Bouvet Island,N/A,N/A,N/A,N/A,N/A,,N/A,#N/A,#N/A,#N/A,#N/A,BVT,,#N/A,#N/A,#N/A,,,,,,,,,
#N/A,,#N/A,#N/A,166,#N/A,Cocos (Keeling) Islands (the),Cocos (les Îles)/ Keeling (les Îles),CC,CCK,166,Cocos Islands,N/A,N/A,N/A,N/A,N/A,,N/A,#N/A,#N/A,#N/A,#N/A,CCK,,#N/A,#N/A,#N/A,,,,,,,,,
#N/A,,#N/A,#N/A,162,#N/A,Christmas Island,Christmas (l'Île),CX,CXR,162,Christmas Island,N/A,N/A,N/A,N/A,N/A,,N/A,#N/A,#N/A,#N/A,#N/A,CXR,,#N/A,#N/A,#N/A,,,,,,,,,
#N/A,,#N/A,#N/A,831,#N/A,Guernsey,Guernesey,GG,GGY,831,Guernsey,N/A,N/A,N/A,N/A,N/A,,N/A,#N/A,#N/A,#N/A,#N/A,GGY,,#N/A,#N/A,#N/A,,,,,,,,,
#N/A,,#N/A,#N/A,239,#N/A,South Georgia and the South Sandwich Islands,Géorgie du Sud-et-les Îles Sandwich du Sud (la),GS,SGS,239,South Georgia and the South Sandwich Islands,N/A,N/A,N/A,N/A,N/A,,N/A,#N/A,#N/A,#N/A,#N/A,SGS,,#N/A,#N/A,#N/A,,,,,,,,,
#N/A,,#N/A,#N/A,334,#N/A,Heard Island and McDonald Islands,Heard-et-Îles MacDonald (l'Île),HM,HMD,334,Heard Island and McDonald Islands,N/A,N/A,N/A,N/A,N/A,,N/A,#N/A,#N/A,#N/A,#N/A,HMD,,#N/A,#N/A,#N/A,,,,,,,,,
#N/A,,#N/A,#N/A,86,#N/A,British Indian Ocean Territory (the),Indien (le Territoire britannique de l'océan),IO,IOT,86,British Indian Ocean Territory,N/A,N/A,N/A,N/A,N/A,,N/A,#N/A,#N/A,#N/A,#N/A,IOT,,#N/A,#N/A,#N/A,,,,,,,,,
#N/A,,#N/A,#N/A,832,#N/A,Jersey,Jersey,JE,JEY,832,Jersey,GBR,United Kingdom,18,WEU,Western Europe,,UK,#N/A,#N/A,#N/A,#N/A,JEY,,#N/A,GBR,GBR_JE,,,,,,,,,
#N/A,,#N/A,#N/A,574,#N/A,Norfolk Island,Norfolk (l'Île),NF,NFK,574,Norfolk Island,N/A,N/A,N/A,N/A,N/A,,N/A,#N/A,#N/A,#N/A,#N/A,NFK,,#N/A,#N/A,#N/A,,,,,,,,,
#N/A,,#N/A,#N/A,612,#N/A,Pitcairn,Pitcairn,PN,PCN,612,Pitcairn,N/A,N/A,N/A,N/A,N/A,,N/A,#N/A,#N/A,#N/A,#N/A,PCN,,#N/A,#N/A,#N/A,,,,,,,,,
#N/A,,#N/A,#N/A,744,#N/A,Svalbard and Jan Mayen,Svalbard et l'Île Jan Mayen (le),SJ,SJM,744,Svalbard and Jan Mayen,N/A,N/A,N/A,N/A,N/A,,N/A,#N/A,#N/A,#N/A,#N/A,SJM,,#N/A,#N/A,#N/A,,,,,,,,,
#N/A,,#N/A,#N/A,260,#N/A,French Southern Territories (the),Terres australes françaises (les),TF,ATF,260,French Southern Territories,N/A,N/A,N/A,N/A,N/A,,N/A,#N/A,#N/A,#N/A,#N/A,ATF,,#N/A,#N/A,#N/A,,,,,,,,,
#N/A,,#N/A,#N/A,581,#N/A,United States Minor Outlying Islands (the),Îles mineures éloignées des États-Unis (les),UM,UMI,581,United States Minor Outlying Islands,N/A,N/A,N/A,N/A,N/A,,N/A,#N/A,#N/A,#N/A,#N/A,UMI,,#N/A,#N/A,#N/A,,,,,,,,,
